<?xml version="1.0" encoding="UTF-8"?><ActivityDefinition xmlns="http://hl7.org/fhir"><id value="ITBActivityDefinition"/><meta><profile value="http://portal.wof.purified.link/fhir/StructureDefinition/ITBActivityDefinition"/></meta><extension url="http://portal.wof.purified.link/fhir/StructureDefinition/extOpusCryptobookingText"><valueString value="XY&#xC5;Z&#xC5;&#xC4;A"/></extension><extension url="http://portal.wof.purified.link/fhir/StructureDefinition/extOpusBookingCategory"><valueString value="3"/></extension><url value="http://portal.wof.purified.link/fhir/ActivityDefinition/ITBActivityDefinition"/><version value="0.1.0"/><name value="TdlUS60"/><title value="Unders&#xF6;kning tandl&#xE4;kare"/><subtitle value="H&#xE4;r f&#xE5;r du dina t&#xE4;nder unders&#xF6;kta av en utbildad tandl&#xE4;kare"/><status value="active"/><date value="2021-09-06"/><description value="Desc"/><kind value="Appointment"/><code><coding><system value="http://portal.wof.purified.link/fhir/CodeSystem/csServiceType"/><code value="123"/><display value="Bra Service"/></coding><text value="Desc"/></code><timingDuration><value value="60"/><unit value="min"/></timingDuration><participant><type value="practitioner"/><role><coding><system value="http://snomed.info/sct"/><code value="106289002"/><display value="dentist"/></coding><text value="Tandl&#xE4;kare"/></role></participant></ActivityDefinition>