<?xml version="1.0" encoding="UTF-8"?>

<AppointmentResponse xmlns="http://hl7.org/fhir">
  <id value="AppointmentResponseExample"/>
  <meta>
    <profile value="http://portal.wof.purified.link/fhir/StructureDefinition/ITBAppointmentResponse"/>
  </meta>
  <text>
    <status value="generated"/><div xmlns="http://www.w3.org/1999/xhtml"><p class="res-header-id"><b>Generated Narrative: AppointmentResponse AppointmentResponseExample</b></p><a name="AppointmentResponseExample"> </a><a name="hcAppointmentResponseExample"> </a><div style="display: inline-block; background-color: #d9e0e7; padding: 6px; margin: 4px; border: 1px solid #8da1b4; border-radius: 5px; line-height: 60%"><p style="margin-bottom: 0px"/><p style="margin-bottom: 0px">Profile: <a href="StructureDefinition-ITBAppointmentResponse.html">ITB AppointmentResponse</a></p></div><p><b>appointment</b>: <a href="Appointment/47">Appointment/47</a></p><p><b>actor</b>: <a href="HealthcareService/b81f2315-7476-45e8-9ae6-51f547e2d82e">En sjov gutt clinic</a></p><p><b>participantStatus</b>: Declined</p></div>
  </text>
  <appointment>
    <reference value="Appointment/47"/>
  </appointment>
  <actor>
    <reference value="HealthcareService/b81f2315-7476-45e8-9ae6-51f547e2d82e"/>
    <display value="En sjov gutt clinic"/>
  </actor>
  <participantStatus value="declined"/>
</AppointmentResponse>