<?xml version="1.0" encoding="UTF-8"?>

<Appointment xmlns="http://hl7.org/fhir">
  <id value="PostAppointmentWithoutPatient"/>
  <meta>
    <profile value="http://portal.wof.purified.link/fhir/StructureDefinition/ITBAppointment"/>
  </meta>
  <text>
    <status value="generated"/><div xmlns="http://www.w3.org/1999/xhtml"><p class="res-header-id"><b>Generated Narrative: Appointment PostAppointmentWithoutPatient</b></p><a name="PostAppointmentWithoutPatient"> </a><a name="hcPostAppointmentWithoutPatient"> </a><div style="display: inline-block; background-color: #d9e0e7; padding: 6px; margin: 4px; border: 1px solid #8da1b4; border-radius: 5px; line-height: 60%"><p style="margin-bottom: 0px"/><p style="margin-bottom: 0px">Profile: <a href="StructureDefinition-ITBAppointment.html">ITB Appointment</a></p></div><p><b>status</b>: Proposed</p><p><b>serviceType</b>: <span title="Codes:{http://portal.wof.purified.link/fhir/CodeSystem/csServiceType servicetype1}">Servicetyp 1</span></p><p><b>start</b>: 2021-05-14 06:30:00+0000</p><p><b>end</b>: 2021-05-14 07:00:00+0000</p><blockquote><p><b>participant</b></p><p><b>actor</b>: <code>HealthcareService/{{healthCareServiceID}}</code></p><p><b>status</b>: Accepted</p></blockquote><blockquote><p><b>participant</b></p><p><b>actor</b>: <a href="Patient/649">Patient/649</a></p><p><b>status</b>: Accepted</p></blockquote><blockquote><p><b>participant</b></p><p><b>actor</b>: <code>PractitionerRole/{{practitionerRoleId}}</code></p><p><b>status</b>: Accepted</p></blockquote></div>
  </text>
  <status value="proposed"/>
  <serviceType>
    <coding>
      <system value="http://portal.wof.purified.link/fhir/CodeSystem/csServiceType"/>
      <code value="servicetype1"/>
    </coding>
  </serviceType>
  <start value="2021-05-14T06:30:00+00:00"/>
  <end value="2021-05-14T07:00:00+00:00"/>
  <participant>
    <actor>
      <reference value="HealthcareService/{{healthCareServiceID}}"/>
    </actor>
    <status value="accepted"/>
  </participant>
  <participant>
    <actor>
      <reference value="Patient/649"/>
    </actor>
    <status value="accepted"/>
  </participant>
  <participant>
    <actor>
      <reference value="PractitionerRole/{{practitionerRoleId}}"/>
    </actor>
    <status value="accepted"/>
  </participant>
</Appointment>