[
  {
    "id": "itb-booking-categories",
    "type": "CodeSystem",
    "url": "http://portal.wof.purified.link/fhir/CodeSystem/itb-booking-categories",
    "version": "0.1.0",
    "name": "ITBBookingCategories"
  },
  {
    "id": "itb-servicetypes",
    "type": "CodeSystem",
    "url": "http://portal.wof.purified.link/fhir/CodeSystem/itb-servicetypes",
    "version": "0.1.0",
    "name": "ITBServiceTypes"
  },
  {
    "id": "practitioner-role-codes",
    "type": "CodeSystem",
    "url": "http://portal.wof.purified.link/fhir/CodeSystem/practitioner-role-codes",
    "version": "0.1.0",
    "name": "PractitionerRoleCodes"
  },
  {
    "id": "portal.wof.purified.link",
    "type": "ImplementationGuide",
    "url": "http://portal.wof.purified.link/fhir/ImplementationGuide/portal.wof.purified.link",
    "version": "0.1.0",
    "name": "ITBImplementationGuide"
  },
  {
    "id": "ITBAppointment",
    "type": "StructureDefinition",
    "url": "http://portal.wof.purified.link/fhir/StructureDefinition/ITBAppointment",
    "version": "0.1.0",
    "name": "ITBAppointment"
  },
  {
    "id": "ITBHealthcareService",
    "type": "StructureDefinition",
    "url": "http://portal.wof.purified.link/fhir/StructureDefinition/ITBHealthcareService",
    "version": "0.1.0",
    "name": "ITBHealthcareService"
  },
  {
    "id": "ITBOrganization",
    "type": "StructureDefinition",
    "url": "http://portal.wof.purified.link/fhir/StructureDefinition/ITBOrganization",
    "version": "0.1.0",
    "name": "ITBOrganization"
  },
  {
    "id": "ITBPatient",
    "type": "StructureDefinition",
    "url": "http://portal.wof.purified.link/fhir/StructureDefinition/ITBPatient",
    "version": "0.1.0",
    "name": "ITBPatient"
  },
  {
    "id": "ITBPractitionerRole",
    "type": "StructureDefinition",
    "url": "http://portal.wof.purified.link/fhir/StructureDefinition/ITBPractitionerRole",
    "version": "0.1.0",
    "name": "ITBPractitionerRole"
  },
  {
    "id": "ITBSchedule",
    "type": "StructureDefinition",
    "url": "http://portal.wof.purified.link/fhir/StructureDefinition/ITBSchedule",
    "version": "0.1.0",
    "name": "ITBSchedule"
  },
  {
    "id": "ITBSlot",
    "type": "StructureDefinition",
    "url": "http://portal.wof.purified.link/fhir/StructureDefinition/ITBSlot",
    "version": "0.1.0",
    "name": "ITBSlot"
  },
  {
    "id": "NoITBPatient",
    "type": "StructureDefinition",
    "url": "http://portal.wof.purified.link/fhir/StructureDefinition/NoITBPatient",
    "version": "0.1.0",
    "name": "NoITBPatient"
  },
  {
    "id": "SEITBPatient",
    "type": "StructureDefinition",
    "url": "http://portal.wof.purified.link/fhir/StructureDefinition/SEITBPatient",
    "version": "0.1.0",
    "name": "SEITBPatient"
  },
  {
    "id": "extBinaryReference",
    "type": "StructureDefinition",
    "url": "http://portal.wof.purified.link/fhir/StructureDefinition/extBinaryReference",
    "version": "0.1.0",
    "name": "ITBBinaryReference"
  },
  {
    "id": "role-codes",
    "type": "ValueSet",
    "url": "http://portal.wof.purified.link/fhir/ValueSet/role-codes",
    "version": "0.1.0",
    "name": "ITBRoleCodes"
  },
  {
    "id": "service-types",
    "type": "ValueSet",
    "url": "http://portal.wof.purified.link/fhir/ValueSet/service-types",
    "version": "0.1.0",
    "name": "ITBServiceTypes"
  },
  {
    "id": "speciality-codes",
    "type": "ValueSet",
    "url": "http://portal.wof.purified.link/fhir/ValueSet/speciality-codes",
    "version": "0.1.0",
    "name": "ITBSpecialityCodes"
  }
]