{
  "resourceType" : "CapabilityStatement",
  "id" : "ITBCapabilityStatement",
  "text" : {
    "status" : "extensions",
    "div" : "<div xmlns=\"http://www.w3.org/1999/xhtml\"><p class=\"res-header-id\"><b>Generated Narrative: CapabilityStatement ITBCapabilityStatement</b></p><a name=\"ITBCapabilityStatement\"> </a><a name=\"hcITBCapabilityStatement\"> </a><h2 id=\"title\">ITB capability statement</h2><ul><li>Implementation Guide Version: 0.1.0 </li><li>FHIR Version: 4.0.1 </li><li>Supported Formats: <code>json</code></li><li>Supported Patch Formats: <code>application/json-patch+json</code></li><li>Published on: 2021-06-22 </li><li>Published by: null </li></ul><blockquote class=\"impl-note\"><p><strong>Note to Implementers: FHIR Capabilities</strong></p><p>Any FHIR capability may be 'allowed' by the system unless explicitly marked as 'SHALL NOT'. A few items are marked as MAY in the Implementation Guide to highlight their potential relevance to the use case.</p></blockquote><p>This CapabilityStatement instantiates the CapabilityStatement <code>http://ihe.org/fhir/CapabilityStatement/pixm-client</code></p><h3 id=\"shallIGs\">SHALL Support the Following Implementation Guides</h3><ul><li>https://build.fhir.org/ig/barbrov/wof-portal-fhir-ig/</li></ul><h2 id=\"rest\">FHIR RESTful Capabilities</h2><div class=\"panel panel-default\"><div class=\"panel-heading\"><h3 id=\"mode1\" class=\"panel-title\">Mode: <code>server</code></h3></div><div class=\"panel-body\"><div><p>Main FHIR endpoint for ITB</p>\n</div><div class=\"lead\"><em>Security</em></div><div class=\"row\"><div class=\"col-lg-6\">Enable CORS: yes</div><div class=\"col-lg-6\">Security services supported: <code>SMART-on-FHIR</code></div></div><blockquote><div><p>See Smart on FHIR documentation</p>\n</div></blockquote><div class=\"lead\"><em>Summary of System-wide Interactions</em></div></div></div><h3 id=\"resourcesCap1\">Capabilities by Resource/Profile</h3><h4 id=\"resourcesSummary1\">Summary</h4><p>The summary table lists the resources that are part of this configuration, and for each resource it lists:</p><ul><li>The relevant profiles (if any)</li><li>The interactions supported by each resource (<b><span class=\"bg-info\">R</span></b>ead, <b><span class=\"bg-info\">S</span></b>earch, <b><span class=\"bg-info\">U</span></b>pdate, and <b><span class=\"bg-info\">C</span></b>reate, are always shown, while <b><span class=\"bg-info\">VR</span></b>ead, <b><span class=\"bg-info\">P</span></b>atch, <b><span class=\"bg-info\">D</span></b>elete, <b><span class=\"bg-info\">H</span></b>istory on <b><span class=\"bg-info\">I</span></b>nstance, or <b><span class=\"bg-info\">H</span></b>istory on <b><span class=\"bg-info\">T</span></b>ype are only present if at least one of the resources has support for them.</li><li><span>The required, recommended, and some optional search parameters (if any). </span></li><li>The linked resources enabled for <code>_include</code></li><li>The other resources enabled for <code>_revinclude</code></li><li>The operations on the resource (if any)</li></ul><div class=\"table-responsive\"><table class=\"table table-condensed table-hover\"><thead><tr><th><b>Resource Type</b></th><th><b>Profile</b></th><th class=\"text-center\"><b title=\"GET a resource (read interaction)\">R</b></th><th class=\"text-center\"><b title=\"GET past versions of resources (vread interaction)\">V-R</b></th><th class=\"text-center\"><b title=\"GET all set of resources of the type (search interaction)\">S</b></th><th class=\"text-center\"><b title=\"PUT a new resource version (update interaction)\">U</b></th><th class=\"text-center\"><b title=\"POST a new resource (create interaction)\">C</b></th><th class=\"text-center\"><b title=\"DELETE a resource (delete interaction)\">D</b></th><th class=\"text-center\"><b title=\"GET changes to a resource (history interaction on instance)\">H-I</b></th><th class=\"text-center\"><b title=\"GET changes for all resources of the type (history interaction on type)\">H-T</b></th><th><b title=\"Required and recommended search parameters\">Searches</b></th><th><code><b>_include</b></code></th><th><code><b>_revinclude</b></code></th><th><b>Operations</b></th></tr></thead><tbody><tr><td><a href=\"#ITBActivityDefinition1-1\">ITBActivityDefinition</a></td><td>Supported Profiles<br/>\u00a0\u00a0<a href=\"StructureDefinition-ITBActivityDefinition.html\">ITB ActivityDefinition</a></td><td class=\"text-center\">y</td><td class=\"text-center\">y</td><td class=\"text-center\"/><td class=\"text-center\">y</td><td class=\"text-center\">y</td><td class=\"text-center\"/><td class=\"text-center\">y</td><td class=\"text-center\">y</td><td/><td/><td/><td/></tr><tr><td><a href=\"#ITBAppointment1-2\">ITBAppointment</a></td><td><a href=\"StructureDefinition-ITBAppointment.html\">http://portal.wof.purified.link/fhir/StructureDefinition/ITBAppointment</a></td><td class=\"text-center\">y</td><td class=\"text-center\">y</td><td class=\"text-center\"/><td class=\"text-center\">y</td><td class=\"text-center\">y</td><td class=\"text-center\"/><td class=\"text-center\">y</td><td class=\"text-center\">y</td><td>actor, patient</td><td/><td/><td/></tr><tr><td><a href=\"#ITBAppointmentResponse1-3\">ITBAppointmentResponse</a></td><td><a href=\"StructureDefinition-ITBAppointmentResponse.html\">http://portal.wof.purified.link/fhir/StructureDefinition/ITBAppointmentResponse</a></td><td class=\"text-center\"/><td class=\"text-center\"/><td class=\"text-center\"/><td class=\"text-center\"/><td class=\"text-center\">y</td><td class=\"text-center\"/><td class=\"text-center\"/><td class=\"text-center\"/><td/><td/><td/><td/></tr><tr><td><a href=\"#ITBEndPoint1-4\">ITBEndPoint</a></td><td><a href=\"StructureDefinition-ITBEndpoint.html\">http://portal.wof.purified.link/fhir/StructureDefinition/ITBEndpoint</a></td><td class=\"text-center\">y</td><td class=\"text-center\">y</td><td class=\"text-center\"/><td class=\"text-center\"/><td class=\"text-center\"/><td class=\"text-center\"/><td class=\"text-center\"/><td class=\"text-center\"/><td/><td/><td/><td/></tr><tr><td><a href=\"#ITBHealthcareService1-5\">ITBHealthcareService</a></td><td><a href=\"StructureDefinition-ITBHealthcareService.html\">http://portal.wof.purified.link/fhir/StructureDefinition/ITBHealthcareService</a></td><td class=\"text-center\">y</td><td class=\"text-center\">y</td><td class=\"text-center\"/><td class=\"text-center\">y</td><td class=\"text-center\">y</td><td class=\"text-center\">y</td><td class=\"text-center\">y</td><td class=\"text-center\">y</td><td>endpoint</td><td/><td/><td/></tr><tr><td><a href=\"#ITBOrganization1-6\">ITBOrganization</a></td><td><a href=\"StructureDefinition-ITBOrganization.html\">http://portal.wof.purified.link/fhir/StructureDefinition/ITBOrganization</a></td><td class=\"text-center\">y</td><td class=\"text-center\">y</td><td class=\"text-center\"/><td class=\"text-center\"/><td class=\"text-center\"/><td class=\"text-center\"/><td class=\"text-center\"/><td class=\"text-center\"/><td/><td/><td/><td/></tr><tr><td><a href=\"#ITBPatient1-7\">ITBPatient</a></td><td><a href=\"StructureDefinition-ITBPatient.html\">http://portal.wof.purified.link/fhir/StructureDefinition/ITBPatient</a></td><td class=\"text-center\">y</td><td class=\"text-center\">y</td><td class=\"text-center\"/><td class=\"text-center\"/><td class=\"text-center\"/><td class=\"text-center\"/><td class=\"text-center\"/><td class=\"text-center\"/><td/><td/><td/><td/></tr><tr><td><a href=\"#ITBPractitioner1-8\">ITBPractitioner</a></td><td><a href=\"StructureDefinition-ITBPractitioner.html\">http://portal.wof.purified.link/fhir/StructureDefinition/ITBPractitioner</a></td><td class=\"text-center\">y</td><td class=\"text-center\">y</td><td class=\"text-center\"/><td class=\"text-center\"/><td class=\"text-center\"/><td class=\"text-center\"/><td class=\"text-center\"/><td class=\"text-center\"/><td/><td/><td/><td/></tr><tr><td><a href=\"#ITBSchedule1-9\">ITBSchedule</a></td><td><a href=\"StructureDefinition-ITBSchedule.html\">http://portal.wof.purified.link/fhir/StructureDefinition/ITBSchedule</a></td><td class=\"text-center\">y</td><td class=\"text-center\">y</td><td class=\"text-center\"/><td class=\"text-center\"/><td class=\"text-center\"/><td class=\"text-center\"/><td class=\"text-center\"/><td class=\"text-center\"/><td>service, actor, service-type, _sort</td><td/><td/><td/></tr><tr><td><a href=\"#ITBSlot1-10\">ITBSlot</a></td><td><a href=\"StructureDefinition-ITBSlot.html\">http://portal.wof.purified.link/fhir/StructureDefinition/ITBSlot</a></td><td class=\"text-center\">y</td><td class=\"text-center\">y</td><td class=\"text-center\"/><td class=\"text-center\"/><td class=\"text-center\"/><td class=\"text-center\"/><td class=\"text-center\"/><td class=\"text-center\"/><td>schedule, service-type, start</td><td/><td/><td/></tr></tbody></table></div><hr/><div class=\"panel panel-default\"><div class=\"panel-heading\"><h4 id=\"ITBActivityDefinition1-1\" class=\"panel-title\"><span style=\"float: right;\">Resource Conformance: supported </span>ITBActivityDefinition</h4></div><div class=\"panel-body\"><div class=\"container\"><div class=\"row\"><div class=\"col-lg-4\"><span class=\"lead\">Core FHIR Resource</span><br/><a href=\"http://hl7.org/fhir/R4/itbactivitydefinition.html\">ITBActivityDefinition</a></div><div class=\"col-lg-4\"><span class=\"lead\">Reference Policy</span><br/></div><div class=\"col-lg-4\"><span class=\"lead\">Interaction summary</span><br/><ul><li>Supports <code>read</code>, <code>vread</code>, <code>update</code>, <code>history-instance</code>, <code>history-type</code>, <code>create</code>.</li></ul></div></div><p/><div class=\"row\"><div class=\"col-6\"><span class=\"lead\">Supported Profiles</span><p><a href=\"StructureDefinition-ITBActivityDefinition.html\">ITB ActivityDefinition</a></p></div></div><p/><div class=\"row\"><div class=\"col-12\"><span class=\"lead\">Documentation</span><blockquote><div><p>https://build.fhir.org/ig/servicewell/wof-portal-fhir-ig/StructureDefinition-ITBActivityDefinition.html</p>\n</div></blockquote></div></div></div></div></div><div class=\"panel panel-default\"><div class=\"panel-heading\"><h4 id=\"ITBAppointment1-2\" class=\"panel-title\"><span style=\"float: right;\">Resource Conformance: supported </span>ITBAppointment</h4></div><div class=\"panel-body\"><div class=\"container\"><div class=\"row\"><div class=\"col-lg-6\"><span class=\"lead\">Base System Profile</span><br/><a href=\"StructureDefinition-ITBAppointment.html\">ITB Appointment</a></div><div class=\"col-lg-3\"><span class=\"lead\">Profile Conformance</span><br/><b>SHALL</b></div><div class=\"col-lg-3\"><span class=\"lead\">Reference Policy</span><br/></div></div><p/><div class=\"row\"><div class=\"col-lg-6\"><span class=\"lead\">Interaction summary</span><br/><ul><li>Supports <code>read</code>, <code>vread</code>, <code>update</code>, <code>history-instance</code>, <code>history-type</code>, <code>create</code>.</li></ul></div></div><p/><div class=\"row\"><div class=\"col-12\"><span class=\"lead\">Documentation</span><blockquote><div><p>URL for Documentation to be added</p>\n</div></blockquote></div></div><div class=\"row\"><div class=\"col-lg-7\"><span class=\"lead\">Search Parameters</span><table class=\"table table-condensed table-hover\"><thead><tr><th>Conformance</th><th>Parameter</th><th>Type</th><th>Documentation</th></tr></thead><tbody><tr><td><b>SHALL</b></td><td>actor</td><td><code>reference</code></td><td><div><p>Search for example for a HealtCareService referenced as actor.</p>\n</div></td></tr><tr><td><b>SHALL</b></td><td>patient</td><td><code>reference</code></td><td><div><p>Search for patient referenced by the Appointment.</p>\n</div></td></tr></tbody></table></div><div class=\"col-lg-5\">\u00a0</div></div></div></div></div><div class=\"panel panel-default\"><div class=\"panel-heading\"><h4 id=\"ITBAppointmentResponse1-3\" class=\"panel-title\"><span style=\"float: right;\">Resource Conformance: supported </span>ITBAppointmentResponse</h4></div><div class=\"panel-body\"><div class=\"container\"><div class=\"row\"><div class=\"col-lg-6\"><span class=\"lead\">Base System Profile</span><br/><a href=\"StructureDefinition-ITBAppointmentResponse.html\">ITB AppointmentResponse</a></div><div class=\"col-lg-3\"><span class=\"lead\">Profile Conformance</span><br/><b>SHALL</b></div><div class=\"col-lg-3\"><span class=\"lead\">Reference Policy</span><br/></div></div><p/><div class=\"row\"><div class=\"col-lg-6\"><span class=\"lead\">Interaction summary</span><br/><ul><li>Supports <code>create</code>.</li></ul></div></div><p/><div class=\"row\"><div class=\"col-12\"><span class=\"lead\">Documentation</span><blockquote><div><p>URL for Documentation to be added</p>\n</div></blockquote></div></div></div></div></div><div class=\"panel panel-default\"><div class=\"panel-heading\"><h4 id=\"ITBEndPoint1-4\" class=\"panel-title\"><span style=\"float: right;\">Resource Conformance: supported </span>ITBEndPoint</h4></div><div class=\"panel-body\"><div class=\"container\"><div class=\"row\"><div class=\"col-lg-6\"><span class=\"lead\">Base System Profile</span><br/><a href=\"StructureDefinition-ITBEndpoint.html\">ITB Endpoint</a></div><div class=\"col-lg-3\"><span class=\"lead\">Profile Conformance</span><br/><b>SHALL</b></div><div class=\"col-lg-3\"><span class=\"lead\">Reference Policy</span><br/></div></div><p/><div class=\"row\"><div class=\"col-lg-6\"><span class=\"lead\">Interaction summary</span><br/><ul><li>Supports <code>read</code>, <code>vread</code>.</li></ul></div></div><p/><div class=\"row\"><div class=\"col-12\"><span class=\"lead\">Documentation</span><blockquote><div><p>URL for Documentation to be added</p>\n</div></blockquote></div></div></div></div></div><div class=\"panel panel-default\"><div class=\"panel-heading\"><h4 id=\"ITBHealthcareService1-5\" class=\"panel-title\"><span style=\"float: right;\">Resource Conformance: supported </span>ITBHealthcareService</h4></div><div class=\"panel-body\"><div class=\"container\"><div class=\"row\"><div class=\"col-lg-6\"><span class=\"lead\">Base System Profile</span><br/><a href=\"StructureDefinition-ITBHealthcareService.html\">ITB HealthcareService</a></div><div class=\"col-lg-3\"><span class=\"lead\">Profile Conformance</span><br/><b>SHALL</b></div><div class=\"col-lg-3\"><span class=\"lead\">Reference Policy</span><br/></div></div><p/><div class=\"row\"><div class=\"col-lg-6\"><span class=\"lead\">Interaction summary</span><br/><ul><li>Supports <code>read</code>, <code>vread</code>, <code>update</code>, <code>delete</code>, <code>history-instance</code>, <code>history-type</code>, <code>create</code>.</li></ul></div></div><p/><div class=\"row\"><div class=\"col-12\"><span class=\"lead\">Documentation</span><blockquote><div><p>URL for Documentation to be added</p>\n</div></blockquote></div></div><div class=\"row\"><div class=\"col-lg-7\"><span class=\"lead\">Search Parameters</span><table class=\"table table-condensed table-hover\"><thead><tr><th>Conformance</th><th>Parameter</th><th>Type</th><th>Documentation</th></tr></thead><tbody><tr><td><b>SHALL</b></td><td>endpoint</td><td><code>reference</code></td><td><div><p>Endpoint id must be of type guid</p>\n</div></td></tr></tbody></table></div><div class=\"col-lg-5\">\u00a0</div></div></div></div></div><div class=\"panel panel-default\"><div class=\"panel-heading\"><h4 id=\"ITBOrganization1-6\" class=\"panel-title\"><span style=\"float: right;\">Resource Conformance: supported </span>ITBOrganization</h4></div><div class=\"panel-body\"><div class=\"container\"><div class=\"row\"><div class=\"col-lg-6\"><span class=\"lead\">Base System Profile</span><br/><a href=\"StructureDefinition-ITBOrganization.html\">ITB Organization</a></div><div class=\"col-lg-3\"><span class=\"lead\">Profile Conformance</span><br/><b>SHALL</b></div><div class=\"col-lg-3\"><span class=\"lead\">Reference Policy</span><br/></div></div><p/><div class=\"row\"><div class=\"col-lg-6\"><span class=\"lead\">Interaction summary</span><br/><ul><li>Supports <code>read</code>, <code>vread</code>.</li></ul></div></div><p/><div class=\"row\"><div class=\"col-12\"><span class=\"lead\">Documentation</span><blockquote><div><p>URL for Documentation to be added</p>\n</div></blockquote></div></div></div></div></div><div class=\"panel panel-default\"><div class=\"panel-heading\"><h4 id=\"ITBPatient1-7\" class=\"panel-title\"><span style=\"float: right;\">Resource Conformance: supported </span>ITBPatient</h4></div><div class=\"panel-body\"><div class=\"container\"><div class=\"row\"><div class=\"col-lg-6\"><span class=\"lead\">Base System Profile</span><br/><a href=\"StructureDefinition-ITBPatient.html\">ITB Patient</a></div><div class=\"col-lg-3\"><span class=\"lead\">Profile Conformance</span><br/><b>SHALL</b></div><div class=\"col-lg-3\"><span class=\"lead\">Reference Policy</span><br/></div></div><p/><div class=\"row\"><div class=\"col-lg-6\"><span class=\"lead\">Interaction summary</span><br/><ul><li>Supports <code>read</code>, <code>vread</code>.</li></ul></div></div><p/><div class=\"row\"><div class=\"col-12\"><span class=\"lead\">Documentation</span><blockquote><div><p>URL for Documentation to be added</p>\n</div></blockquote></div></div></div></div></div><div class=\"panel panel-default\"><div class=\"panel-heading\"><h4 id=\"ITBPractitioner1-8\" class=\"panel-title\"><span style=\"float: right;\">Resource Conformance: supported </span>ITBPractitioner</h4></div><div class=\"panel-body\"><div class=\"container\"><div class=\"row\"><div class=\"col-lg-6\"><span class=\"lead\">Base System Profile</span><br/><a href=\"StructureDefinition-ITBPractitioner.html\">ITB Practitioner</a></div><div class=\"col-lg-3\"><span class=\"lead\">Profile Conformance</span><br/><b>SHALL</b></div><div class=\"col-lg-3\"><span class=\"lead\">Reference Policy</span><br/></div></div><p/><div class=\"row\"><div class=\"col-lg-6\"><span class=\"lead\">Interaction summary</span><br/><ul><li>Supports <code>read</code>, <code>vread</code>.</li></ul></div></div><p/><div class=\"row\"><div class=\"col-12\"><span class=\"lead\">Documentation</span><blockquote><div><p>URL for Documentation to be added</p>\n</div></blockquote></div></div></div></div></div><div class=\"panel panel-default\"><div class=\"panel-heading\"><h4 id=\"ITBSchedule1-9\" class=\"panel-title\"><span style=\"float: right;\">Resource Conformance: supported </span>ITBSchedule</h4></div><div class=\"panel-body\"><div class=\"container\"><div class=\"row\"><div class=\"col-lg-6\"><span class=\"lead\">Base System Profile</span><br/><a href=\"StructureDefinition-ITBSchedule.html\">ITB Schedule</a></div><div class=\"col-lg-3\"><span class=\"lead\">Profile Conformance</span><br/><b>SHALL</b></div><div class=\"col-lg-3\"><span class=\"lead\">Reference Policy</span><br/></div></div><p/><div class=\"row\"><div class=\"col-lg-6\"><span class=\"lead\">Interaction summary</span><br/><ul><li>Supports <code>read</code>, <code>vread</code>, <code>read</code>, <code>vread</code>.</li></ul></div></div><p/><div class=\"row\"><div class=\"col-12\"><span class=\"lead\">Documentation</span><blockquote><div><p>https://build.fhir.org/ig/servicewell/wof-portal-fhir-ig/StructureDefinition-ITBSchedule.html</p>\n</div></blockquote></div></div><div class=\"row\"><div class=\"col-lg-7\"><span class=\"lead\">Search Parameters</span><table class=\"table table-condensed table-hover\"><thead><tr><th>Conformance</th><th>Parameter</th><th>Type</th><th>Documentation</th></tr></thead><tbody><tr><td><b>SHALL</b></td><td>service</td><td><code>reference</code></td><td><div><p>Search for a referenced HealthCareService</p>\n</div></td></tr><tr><td><b>SHALL</b></td><td>actor</td><td><code>reference</code></td><td><div><p>Search for example for a HealtCareService or PractitionerRole referenced in actor.</p>\n</div></td></tr><tr><td><b>SHALL</b></td><td>service-type</td><td><code>token</code></td><td><div><p>Search for Schedules with specified service-type</p>\n</div></td></tr><tr><td><b>SHALL</b></td><td>_sort</td><td><code>string</code></td><td><div><p>Specify search order for results</p>\n</div></td></tr></tbody></table></div><div class=\"col-lg-5\">\u00a0</div></div></div></div></div><div class=\"panel panel-default\"><div class=\"panel-heading\"><h4 id=\"ITBSlot1-10\" class=\"panel-title\"><span style=\"float: right;\">Resource Conformance: supported </span>ITBSlot</h4></div><div class=\"panel-body\"><div class=\"container\"><div class=\"row\"><div class=\"col-lg-6\"><span class=\"lead\">Base System Profile</span><br/><a href=\"StructureDefinition-ITBSlot.html\">ITB Slot</a></div><div class=\"col-lg-3\"><span class=\"lead\">Profile Conformance</span><br/><b>SHALL</b></div><div class=\"col-lg-3\"><span class=\"lead\">Reference Policy</span><br/></div></div><p/><div class=\"row\"><div class=\"col-lg-6\"><span class=\"lead\">Interaction summary</span><br/><ul><li>Supports <code>read</code>, <code>vread</code>.</li></ul></div></div><p/><div class=\"row\"><div class=\"col-12\"><span class=\"lead\">Documentation</span><blockquote><div><p>https://build.fhir.org/ig/servicewell/wof-portal-fhir-ig/StructureDefinition-ITBSlot.html</p>\n</div></blockquote></div></div><div class=\"row\"><div class=\"col-lg-7\"><span class=\"lead\">Search Parameters</span><table class=\"table table-condensed table-hover\"><thead><tr><th>Conformance</th><th>Parameter</th><th>Type</th><th>Documentation</th></tr></thead><tbody><tr><td><b>SHALL</b></td><td>schedule</td><td><code>reference</code></td><td><div><p>Search for Slots with reference to specified Schedule.</p>\n</div></td></tr><tr><td><b>SHALL</b></td><td>service-type</td><td><code>token</code></td><td><div><p>Search for Slots with specified service-type</p>\n</div></td></tr><tr><td><b>SHALL</b></td><td>start</td><td><code>date</code></td><td><div><p>Specify search order for results</p>\n</div></td></tr></tbody></table></div><div class=\"col-lg-5\">\u00a0</div></div></div></div></div></div>"
  },
  "url" : "http://portal.wof.purified.link/fhir/CapabilityStatement",
  "version" : "0.1.0",
  "name" : "ITB",
  "title" : "ITB capability statement",
  "status" : "draft",
  "experimental" : true,
  "date" : "2021-06-22",
  "contact" : [{
    "name" : "System Administrator",
    "telecom" : [{
      "system" : "email",
      "value" : "kontakt@servicewell.se"
    }]
  }],
  "description" : "This is the FHIR capability statement for the ITB interface",
  "useContext" : [{
    "code" : {
      "system" : "http://terminology.hl7.org/CodeSystem/usage-context-type",
      "code" : "focus"
    },
    "valueCodeableConcept" : {
      "coding" : [{
        "system" : "http://terminology.hl7.org/CodeSystem/variant-state",
        "code" : "positive"
      }]
    }
  }],
  "purpose" : "ITB capability statement, published for contracting and operational support",
  "copyright" : "Copyright © Service Well AB",
  "kind" : "instance",
  "instantiates" : ["http://ihe.org/fhir/CapabilityStatement/pixm-client"],
  "software" : {
    "name" : "ITB",
    "version" : "0.0.0",
    "releaseDate" : "2021-09-01"
  },
  "implementation" : {
    "description" : "WOF"
  },
  "fhirVersion" : "4.0.1",
  "format" : ["json"],
  "patchFormat" : ["application/json-patch+json"],
  "implementationGuide" : ["https://build.fhir.org/ig/barbrov/wof-portal-fhir-ig/"],
  "rest" : [{
    "mode" : "server",
    "documentation" : "Main FHIR endpoint for ITB",
    "security" : {
      "cors" : true,
      "service" : [{
        "coding" : [{
          "system" : "http://terminology.hl7.org/CodeSystem/restful-security-service",
          "code" : "SMART-on-FHIR"
        }]
      }],
      "description" : "See Smart on FHIR documentation"
    },
    "resource" : [{
      "type" : "ITBActivityDefinition",
      "supportedProfile" : ["http://portal.wof.purified.link/fhir/StructureDefinition/ITBActivityDefinition"],
      "documentation" : "https://build.fhir.org/ig/servicewell/wof-portal-fhir-ig/StructureDefinition-ITBActivityDefinition.html",
      "interaction" : [{
        "code" : "read"
      },
      {
        "code" : "vread"
      },
      {
        "code" : "update"
      },
      {
        "code" : "history-instance"
      },
      {
        "code" : "history-type"
      },
      {
        "code" : "create"
      }],
      "versioning" : "versioned-update",
      "readHistory" : true,
      "updateCreate" : false,
      "conditionalCreate" : true,
      "conditionalRead" : "full-support",
      "conditionalUpdate" : false,
      "conditionalDelete" : "not-supported"
    },
    {
      "type" : "ITBAppointment",
      "profile" : "http://portal.wof.purified.link/fhir/StructureDefinition/ITBAppointment",
      "documentation" : "URL for Documentation to be added",
      "interaction" : [{
        "code" : "read"
      },
      {
        "code" : "vread"
      },
      {
        "code" : "update"
      },
      {
        "code" : "history-instance"
      },
      {
        "code" : "history-type"
      },
      {
        "code" : "create"
      }],
      "searchParam" : [{
        "name" : "actor",
        "type" : "reference",
        "documentation" : "Search for example for a HealtCareService referenced as actor."
      },
      {
        "name" : "patient",
        "type" : "reference",
        "documentation" : "Search for patient referenced by the Appointment."
      }]
    },
    {
      "type" : "ITBAppointmentResponse",
      "profile" : "http://portal.wof.purified.link/fhir/StructureDefinition/ITBAppointmentResponse",
      "documentation" : "URL for Documentation to be added",
      "interaction" : [{
        "code" : "create"
      }]
    },
    {
      "type" : "ITBEndPoint",
      "profile" : "http://portal.wof.purified.link/fhir/StructureDefinition/ITBEndpoint",
      "documentation" : "URL for Documentation to be added",
      "interaction" : [{
        "code" : "read"
      },
      {
        "code" : "vread"
      }]
    },
    {
      "type" : "ITBHealthcareService",
      "profile" : "http://portal.wof.purified.link/fhir/StructureDefinition/ITBHealthcareService",
      "documentation" : "URL for Documentation to be added",
      "interaction" : [{
        "code" : "read"
      },
      {
        "code" : "vread"
      },
      {
        "code" : "update"
      },
      {
        "code" : "delete"
      },
      {
        "code" : "history-instance"
      },
      {
        "code" : "history-type"
      },
      {
        "code" : "create"
      }],
      "searchParam" : [{
        "name" : "endpoint",
        "type" : "reference",
        "documentation" : "Endpoint id must be of type guid"
      }]
    },
    {
      "type" : "ITBOrganization",
      "profile" : "http://portal.wof.purified.link/fhir/StructureDefinition/ITBOrganization",
      "documentation" : "URL for Documentation to be added",
      "interaction" : [{
        "code" : "read"
      },
      {
        "code" : "vread"
      }]
    },
    {
      "type" : "ITBPatient",
      "profile" : "http://portal.wof.purified.link/fhir/StructureDefinition/ITBPatient",
      "documentation" : "URL for Documentation to be added",
      "interaction" : [{
        "code" : "read"
      },
      {
        "code" : "vread"
      }]
    },
    {
      "type" : "ITBPractitioner",
      "profile" : "http://portal.wof.purified.link/fhir/StructureDefinition/ITBPractitioner",
      "documentation" : "URL for Documentation to be added",
      "interaction" : [{
        "code" : "read"
      },
      {
        "code" : "vread"
      }]
    },
    {
      "type" : "ITBSchedule",
      "profile" : "http://portal.wof.purified.link/fhir/StructureDefinition/ITBSchedule",
      "documentation" : "https://build.fhir.org/ig/servicewell/wof-portal-fhir-ig/StructureDefinition-ITBSchedule.html",
      "interaction" : [{
        "code" : "read"
      },
      {
        "code" : "vread"
      },
      {
        "code" : "read"
      },
      {
        "code" : "vread"
      }],
      "searchParam" : [{
        "name" : "service",
        "type" : "reference",
        "documentation" : "Search for a referenced HealthCareService"
      },
      {
        "name" : "actor",
        "type" : "reference",
        "documentation" : "Search for example for a HealtCareService or PractitionerRole referenced in actor."
      },
      {
        "name" : "service-type",
        "type" : "token",
        "documentation" : "Search for Schedules with specified service-type"
      },
      {
        "name" : "_sort",
        "type" : "string",
        "documentation" : "Specify search order for results"
      }]
    },
    {
      "type" : "ITBSlot",
      "profile" : "http://portal.wof.purified.link/fhir/StructureDefinition/ITBSlot",
      "documentation" : "https://build.fhir.org/ig/servicewell/wof-portal-fhir-ig/StructureDefinition-ITBSlot.html",
      "interaction" : [{
        "code" : "read"
      },
      {
        "code" : "vread"
      }],
      "searchParam" : [{
        "name" : "schedule",
        "type" : "reference",
        "documentation" : "Search for Slots with reference to specified Schedule."
      },
      {
        "name" : "service-type",
        "type" : "token",
        "documentation" : "Search for Slots with specified service-type"
      },
      {
        "name" : "start",
        "type" : "date",
        "documentation" : "Specify search order for results"
      }]
    }]
  }]
}