<?xml version="1.0" encoding="UTF-8"?>

<CapabilityStatement xmlns="http://hl7.org/fhir">
  <id value="ITBCapabilityStatement"/>
  <text>
    <status value="extensions"/><div xmlns="http://www.w3.org/1999/xhtml"><p class="res-header-id"><b>Generated Narrative: CapabilityStatement ITBCapabilityStatement</b></p><a name="ITBCapabilityStatement"> </a><a name="hcITBCapabilityStatement"> </a><h2 id="title">ITB capability statement</h2><ul><li>Implementation Guide Version: 0.1.0 </li><li>FHIR Version: 4.0.1 </li><li>Supported Formats: <code>json</code></li><li>Supported Patch Formats: <code>application/json-patch+json</code></li><li>Published on: 2021-06-22 </li><li>Published by: null </li></ul><blockquote class="impl-note"><p><strong>Note to Implementers: FHIR Capabilities</strong></p><p>Any FHIR capability may be 'allowed' by the system unless explicitly marked as 'SHALL NOT'. A few items are marked as MAY in the Implementation Guide to highlight their potential relevance to the use case.</p></blockquote><p>This CapabilityStatement instantiates the CapabilityStatement <code>http://ihe.org/fhir/CapabilityStatement/pixm-client</code></p><h3 id="shallIGs">SHALL Support the Following Implementation Guides</h3><ul><li>https://build.fhir.org/ig/barbrov/wof-portal-fhir-ig/</li></ul><h2 id="rest">FHIR RESTful Capabilities</h2><div class="panel panel-default"><div class="panel-heading"><h3 id="mode1" class="panel-title">Mode: <code>server</code></h3></div><div class="panel-body"><div><p>Main FHIR endpoint for ITB</p>
</div><div class="lead"><em>Security</em></div><div class="row"><div class="col-lg-6">Enable CORS: yes</div><div class="col-lg-6">Security services supported: <code>SMART-on-FHIR</code></div></div><blockquote><div><p>See Smart on FHIR documentation</p>
</div></blockquote><div class="lead"><em>Summary of System-wide Interactions</em></div></div></div><h3 id="resourcesCap1">Capabilities by Resource/Profile</h3><h4 id="resourcesSummary1">Summary</h4><p>The summary table lists the resources that are part of this configuration, and for each resource it lists:</p><ul><li>The relevant profiles (if any)</li><li>The interactions supported by each resource (<b><span class="bg-info">R</span></b>ead, <b><span class="bg-info">S</span></b>earch, <b><span class="bg-info">U</span></b>pdate, and <b><span class="bg-info">C</span></b>reate, are always shown, while <b><span class="bg-info">VR</span></b>ead, <b><span class="bg-info">P</span></b>atch, <b><span class="bg-info">D</span></b>elete, <b><span class="bg-info">H</span></b>istory on <b><span class="bg-info">I</span></b>nstance, or <b><span class="bg-info">H</span></b>istory on <b><span class="bg-info">T</span></b>ype are only present if at least one of the resources has support for them.</li><li><span>The required, recommended, and some optional search parameters (if any). </span></li><li>The linked resources enabled for <code>_include</code></li><li>The other resources enabled for <code>_revinclude</code></li><li>The operations on the resource (if any)</li></ul><div class="table-responsive"><table class="table table-condensed table-hover"><thead><tr><th><b>Resource Type</b></th><th><b>Profile</b></th><th class="text-center"><b title="GET a resource (read interaction)">R</b></th><th class="text-center"><b title="GET past versions of resources (vread interaction)">V-R</b></th><th class="text-center"><b title="GET all set of resources of the type (search interaction)">S</b></th><th class="text-center"><b title="PUT a new resource version (update interaction)">U</b></th><th class="text-center"><b title="POST a new resource (create interaction)">C</b></th><th class="text-center"><b title="DELETE a resource (delete interaction)">D</b></th><th class="text-center"><b title="GET changes to a resource (history interaction on instance)">H-I</b></th><th class="text-center"><b title="GET changes for all resources of the type (history interaction on type)">H-T</b></th><th><b title="Required and recommended search parameters">Searches</b></th><th><code><b>_include</b></code></th><th><code><b>_revinclude</b></code></th><th><b>Operations</b></th></tr></thead><tbody><tr><td><a href="#ITBActivityDefinition1-1">ITBActivityDefinition</a></td><td>Supported Profiles<br/>  <a href="StructureDefinition-ITBActivityDefinition.html">ITB ActivityDefinition</a></td><td class="text-center">y</td><td class="text-center">y</td><td class="text-center"/><td class="text-center">y</td><td class="text-center">y</td><td class="text-center"/><td class="text-center">y</td><td class="text-center">y</td><td/><td/><td/><td/></tr><tr><td><a href="#ITBAppointment1-2">ITBAppointment</a></td><td><a href="StructureDefinition-ITBAppointment.html">http://portal.wof.purified.link/fhir/StructureDefinition/ITBAppointment</a></td><td class="text-center">y</td><td class="text-center">y</td><td class="text-center"/><td class="text-center">y</td><td class="text-center">y</td><td class="text-center"/><td class="text-center">y</td><td class="text-center">y</td><td>actor, patient</td><td/><td/><td/></tr><tr><td><a href="#ITBAppointmentResponse1-3">ITBAppointmentResponse</a></td><td><a href="StructureDefinition-ITBAppointmentResponse.html">http://portal.wof.purified.link/fhir/StructureDefinition/ITBAppointmentResponse</a></td><td class="text-center"/><td class="text-center"/><td class="text-center"/><td class="text-center"/><td class="text-center">y</td><td class="text-center"/><td class="text-center"/><td class="text-center"/><td/><td/><td/><td/></tr><tr><td><a href="#ITBEndPoint1-4">ITBEndPoint</a></td><td><a href="StructureDefinition-ITBEndpoint.html">http://portal.wof.purified.link/fhir/StructureDefinition/ITBEndpoint</a></td><td class="text-center">y</td><td class="text-center">y</td><td class="text-center"/><td class="text-center"/><td class="text-center"/><td class="text-center"/><td class="text-center"/><td class="text-center"/><td/><td/><td/><td/></tr><tr><td><a href="#ITBHealthcareService1-5">ITBHealthcareService</a></td><td><a href="StructureDefinition-ITBHealthcareService.html">http://portal.wof.purified.link/fhir/StructureDefinition/ITBHealthcareService</a></td><td class="text-center">y</td><td class="text-center">y</td><td class="text-center"/><td class="text-center">y</td><td class="text-center">y</td><td class="text-center">y</td><td class="text-center">y</td><td class="text-center">y</td><td>endpoint</td><td/><td/><td/></tr><tr><td><a href="#ITBOrganization1-6">ITBOrganization</a></td><td><a href="StructureDefinition-ITBOrganization.html">http://portal.wof.purified.link/fhir/StructureDefinition/ITBOrganization</a></td><td class="text-center">y</td><td class="text-center">y</td><td class="text-center"/><td class="text-center"/><td class="text-center"/><td class="text-center"/><td class="text-center"/><td class="text-center"/><td/><td/><td/><td/></tr><tr><td><a href="#ITBPatient1-7">ITBPatient</a></td><td><a href="StructureDefinition-ITBPatient.html">http://portal.wof.purified.link/fhir/StructureDefinition/ITBPatient</a></td><td class="text-center">y</td><td class="text-center">y</td><td class="text-center"/><td class="text-center"/><td class="text-center"/><td class="text-center"/><td class="text-center"/><td class="text-center"/><td/><td/><td/><td/></tr><tr><td><a href="#ITBPractitioner1-8">ITBPractitioner</a></td><td><a href="StructureDefinition-ITBPractitioner.html">http://portal.wof.purified.link/fhir/StructureDefinition/ITBPractitioner</a></td><td class="text-center">y</td><td class="text-center">y</td><td class="text-center"/><td class="text-center"/><td class="text-center"/><td class="text-center"/><td class="text-center"/><td class="text-center"/><td/><td/><td/><td/></tr><tr><td><a href="#ITBSchedule1-9">ITBSchedule</a></td><td><a href="StructureDefinition-ITBSchedule.html">http://portal.wof.purified.link/fhir/StructureDefinition/ITBSchedule</a></td><td class="text-center">y</td><td class="text-center">y</td><td class="text-center"/><td class="text-center"/><td class="text-center"/><td class="text-center"/><td class="text-center"/><td class="text-center"/><td>service, actor, service-type, _sort</td><td/><td/><td/></tr><tr><td><a href="#ITBSlot1-10">ITBSlot</a></td><td><a href="StructureDefinition-ITBSlot.html">http://portal.wof.purified.link/fhir/StructureDefinition/ITBSlot</a></td><td class="text-center">y</td><td class="text-center">y</td><td class="text-center"/><td class="text-center"/><td class="text-center"/><td class="text-center"/><td class="text-center"/><td class="text-center"/><td>schedule, service-type, start</td><td/><td/><td/></tr></tbody></table></div><hr/><div class="panel panel-default"><div class="panel-heading"><h4 id="ITBActivityDefinition1-1" class="panel-title"><span style="float: right;">Resource Conformance: supported </span>ITBActivityDefinition</h4></div><div class="panel-body"><div class="container"><div class="row"><div class="col-lg-4"><span class="lead">Core FHIR Resource</span><br/><a href="http://hl7.org/fhir/R4/itbactivitydefinition.html">ITBActivityDefinition</a></div><div class="col-lg-4"><span class="lead">Reference Policy</span><br/></div><div class="col-lg-4"><span class="lead">Interaction summary</span><br/><ul><li>Supports <code>read</code>, <code>vread</code>, <code>update</code>, <code>history-instance</code>, <code>history-type</code>, <code>create</code>.</li></ul></div></div><p/><div class="row"><div class="col-6"><span class="lead">Supported Profiles</span><p><a href="StructureDefinition-ITBActivityDefinition.html">ITB ActivityDefinition</a></p></div></div><p/><div class="row"><div class="col-12"><span class="lead">Documentation</span><blockquote><div><p>https://build.fhir.org/ig/servicewell/wof-portal-fhir-ig/StructureDefinition-ITBActivityDefinition.html</p>
</div></blockquote></div></div></div></div></div><div class="panel panel-default"><div class="panel-heading"><h4 id="ITBAppointment1-2" class="panel-title"><span style="float: right;">Resource Conformance: supported </span>ITBAppointment</h4></div><div class="panel-body"><div class="container"><div class="row"><div class="col-lg-6"><span class="lead">Base System Profile</span><br/><a href="StructureDefinition-ITBAppointment.html">ITB Appointment</a></div><div class="col-lg-3"><span class="lead">Profile Conformance</span><br/><b>SHALL</b></div><div class="col-lg-3"><span class="lead">Reference Policy</span><br/></div></div><p/><div class="row"><div class="col-lg-6"><span class="lead">Interaction summary</span><br/><ul><li>Supports <code>read</code>, <code>vread</code>, <code>update</code>, <code>history-instance</code>, <code>history-type</code>, <code>create</code>.</li></ul></div></div><p/><div class="row"><div class="col-12"><span class="lead">Documentation</span><blockquote><div><p>URL for Documentation to be added</p>
</div></blockquote></div></div><div class="row"><div class="col-lg-7"><span class="lead">Search Parameters</span><table class="table table-condensed table-hover"><thead><tr><th>Conformance</th><th>Parameter</th><th>Type</th><th>Documentation</th></tr></thead><tbody><tr><td><b>SHALL</b></td><td>actor</td><td><code>reference</code></td><td><div><p>Search for example for a HealtCareService referenced as actor.</p>
</div></td></tr><tr><td><b>SHALL</b></td><td>patient</td><td><code>reference</code></td><td><div><p>Search for patient referenced by the Appointment.</p>
</div></td></tr></tbody></table></div><div class="col-lg-5"> </div></div></div></div></div><div class="panel panel-default"><div class="panel-heading"><h4 id="ITBAppointmentResponse1-3" class="panel-title"><span style="float: right;">Resource Conformance: supported </span>ITBAppointmentResponse</h4></div><div class="panel-body"><div class="container"><div class="row"><div class="col-lg-6"><span class="lead">Base System Profile</span><br/><a href="StructureDefinition-ITBAppointmentResponse.html">ITB AppointmentResponse</a></div><div class="col-lg-3"><span class="lead">Profile Conformance</span><br/><b>SHALL</b></div><div class="col-lg-3"><span class="lead">Reference Policy</span><br/></div></div><p/><div class="row"><div class="col-lg-6"><span class="lead">Interaction summary</span><br/><ul><li>Supports <code>create</code>.</li></ul></div></div><p/><div class="row"><div class="col-12"><span class="lead">Documentation</span><blockquote><div><p>URL for Documentation to be added</p>
</div></blockquote></div></div></div></div></div><div class="panel panel-default"><div class="panel-heading"><h4 id="ITBEndPoint1-4" class="panel-title"><span style="float: right;">Resource Conformance: supported </span>ITBEndPoint</h4></div><div class="panel-body"><div class="container"><div class="row"><div class="col-lg-6"><span class="lead">Base System Profile</span><br/><a href="StructureDefinition-ITBEndpoint.html">ITB Endpoint</a></div><div class="col-lg-3"><span class="lead">Profile Conformance</span><br/><b>SHALL</b></div><div class="col-lg-3"><span class="lead">Reference Policy</span><br/></div></div><p/><div class="row"><div class="col-lg-6"><span class="lead">Interaction summary</span><br/><ul><li>Supports <code>read</code>, <code>vread</code>.</li></ul></div></div><p/><div class="row"><div class="col-12"><span class="lead">Documentation</span><blockquote><div><p>URL for Documentation to be added</p>
</div></blockquote></div></div></div></div></div><div class="panel panel-default"><div class="panel-heading"><h4 id="ITBHealthcareService1-5" class="panel-title"><span style="float: right;">Resource Conformance: supported </span>ITBHealthcareService</h4></div><div class="panel-body"><div class="container"><div class="row"><div class="col-lg-6"><span class="lead">Base System Profile</span><br/><a href="StructureDefinition-ITBHealthcareService.html">ITB HealthcareService</a></div><div class="col-lg-3"><span class="lead">Profile Conformance</span><br/><b>SHALL</b></div><div class="col-lg-3"><span class="lead">Reference Policy</span><br/></div></div><p/><div class="row"><div class="col-lg-6"><span class="lead">Interaction summary</span><br/><ul><li>Supports <code>read</code>, <code>vread</code>, <code>update</code>, <code>delete</code>, <code>history-instance</code>, <code>history-type</code>, <code>create</code>.</li></ul></div></div><p/><div class="row"><div class="col-12"><span class="lead">Documentation</span><blockquote><div><p>URL for Documentation to be added</p>
</div></blockquote></div></div><div class="row"><div class="col-lg-7"><span class="lead">Search Parameters</span><table class="table table-condensed table-hover"><thead><tr><th>Conformance</th><th>Parameter</th><th>Type</th><th>Documentation</th></tr></thead><tbody><tr><td><b>SHALL</b></td><td>endpoint</td><td><code>reference</code></td><td><div><p>Endpoint id must be of type guid</p>
</div></td></tr></tbody></table></div><div class="col-lg-5"> </div></div></div></div></div><div class="panel panel-default"><div class="panel-heading"><h4 id="ITBOrganization1-6" class="panel-title"><span style="float: right;">Resource Conformance: supported </span>ITBOrganization</h4></div><div class="panel-body"><div class="container"><div class="row"><div class="col-lg-6"><span class="lead">Base System Profile</span><br/><a href="StructureDefinition-ITBOrganization.html">ITB Organization</a></div><div class="col-lg-3"><span class="lead">Profile Conformance</span><br/><b>SHALL</b></div><div class="col-lg-3"><span class="lead">Reference Policy</span><br/></div></div><p/><div class="row"><div class="col-lg-6"><span class="lead">Interaction summary</span><br/><ul><li>Supports <code>read</code>, <code>vread</code>.</li></ul></div></div><p/><div class="row"><div class="col-12"><span class="lead">Documentation</span><blockquote><div><p>URL for Documentation to be added</p>
</div></blockquote></div></div></div></div></div><div class="panel panel-default"><div class="panel-heading"><h4 id="ITBPatient1-7" class="panel-title"><span style="float: right;">Resource Conformance: supported </span>ITBPatient</h4></div><div class="panel-body"><div class="container"><div class="row"><div class="col-lg-6"><span class="lead">Base System Profile</span><br/><a href="StructureDefinition-ITBPatient.html">ITB Patient</a></div><div class="col-lg-3"><span class="lead">Profile Conformance</span><br/><b>SHALL</b></div><div class="col-lg-3"><span class="lead">Reference Policy</span><br/></div></div><p/><div class="row"><div class="col-lg-6"><span class="lead">Interaction summary</span><br/><ul><li>Supports <code>read</code>, <code>vread</code>.</li></ul></div></div><p/><div class="row"><div class="col-12"><span class="lead">Documentation</span><blockquote><div><p>URL for Documentation to be added</p>
</div></blockquote></div></div></div></div></div><div class="panel panel-default"><div class="panel-heading"><h4 id="ITBPractitioner1-8" class="panel-title"><span style="float: right;">Resource Conformance: supported </span>ITBPractitioner</h4></div><div class="panel-body"><div class="container"><div class="row"><div class="col-lg-6"><span class="lead">Base System Profile</span><br/><a href="StructureDefinition-ITBPractitioner.html">ITB Practitioner</a></div><div class="col-lg-3"><span class="lead">Profile Conformance</span><br/><b>SHALL</b></div><div class="col-lg-3"><span class="lead">Reference Policy</span><br/></div></div><p/><div class="row"><div class="col-lg-6"><span class="lead">Interaction summary</span><br/><ul><li>Supports <code>read</code>, <code>vread</code>.</li></ul></div></div><p/><div class="row"><div class="col-12"><span class="lead">Documentation</span><blockquote><div><p>URL for Documentation to be added</p>
</div></blockquote></div></div></div></div></div><div class="panel panel-default"><div class="panel-heading"><h4 id="ITBSchedule1-9" class="panel-title"><span style="float: right;">Resource Conformance: supported </span>ITBSchedule</h4></div><div class="panel-body"><div class="container"><div class="row"><div class="col-lg-6"><span class="lead">Base System Profile</span><br/><a href="StructureDefinition-ITBSchedule.html">ITB Schedule</a></div><div class="col-lg-3"><span class="lead">Profile Conformance</span><br/><b>SHALL</b></div><div class="col-lg-3"><span class="lead">Reference Policy</span><br/></div></div><p/><div class="row"><div class="col-lg-6"><span class="lead">Interaction summary</span><br/><ul><li>Supports <code>read</code>, <code>vread</code>, <code>read</code>, <code>vread</code>.</li></ul></div></div><p/><div class="row"><div class="col-12"><span class="lead">Documentation</span><blockquote><div><p>https://build.fhir.org/ig/servicewell/wof-portal-fhir-ig/StructureDefinition-ITBSchedule.html</p>
</div></blockquote></div></div><div class="row"><div class="col-lg-7"><span class="lead">Search Parameters</span><table class="table table-condensed table-hover"><thead><tr><th>Conformance</th><th>Parameter</th><th>Type</th><th>Documentation</th></tr></thead><tbody><tr><td><b>SHALL</b></td><td>service</td><td><code>reference</code></td><td><div><p>Search for a referenced HealthCareService</p>
</div></td></tr><tr><td><b>SHALL</b></td><td>actor</td><td><code>reference</code></td><td><div><p>Search for example for a HealtCareService or PractitionerRole referenced in actor.</p>
</div></td></tr><tr><td><b>SHALL</b></td><td>service-type</td><td><code>token</code></td><td><div><p>Search for Schedules with specified service-type</p>
</div></td></tr><tr><td><b>SHALL</b></td><td>_sort</td><td><code>string</code></td><td><div><p>Specify search order for results</p>
</div></td></tr></tbody></table></div><div class="col-lg-5"> </div></div></div></div></div><div class="panel panel-default"><div class="panel-heading"><h4 id="ITBSlot1-10" class="panel-title"><span style="float: right;">Resource Conformance: supported </span>ITBSlot</h4></div><div class="panel-body"><div class="container"><div class="row"><div class="col-lg-6"><span class="lead">Base System Profile</span><br/><a href="StructureDefinition-ITBSlot.html">ITB Slot</a></div><div class="col-lg-3"><span class="lead">Profile Conformance</span><br/><b>SHALL</b></div><div class="col-lg-3"><span class="lead">Reference Policy</span><br/></div></div><p/><div class="row"><div class="col-lg-6"><span class="lead">Interaction summary</span><br/><ul><li>Supports <code>read</code>, <code>vread</code>.</li></ul></div></div><p/><div class="row"><div class="col-12"><span class="lead">Documentation</span><blockquote><div><p>https://build.fhir.org/ig/servicewell/wof-portal-fhir-ig/StructureDefinition-ITBSlot.html</p>
</div></blockquote></div></div><div class="row"><div class="col-lg-7"><span class="lead">Search Parameters</span><table class="table table-condensed table-hover"><thead><tr><th>Conformance</th><th>Parameter</th><th>Type</th><th>Documentation</th></tr></thead><tbody><tr><td><b>SHALL</b></td><td>schedule</td><td><code>reference</code></td><td><div><p>Search for Slots with reference to specified Schedule.</p>
</div></td></tr><tr><td><b>SHALL</b></td><td>service-type</td><td><code>token</code></td><td><div><p>Search for Slots with specified service-type</p>
</div></td></tr><tr><td><b>SHALL</b></td><td>start</td><td><code>date</code></td><td><div><p>Specify search order for results</p>
</div></td></tr></tbody></table></div><div class="col-lg-5"> </div></div></div></div></div></div>
  </text>
  <url value="http://portal.wof.purified.link/fhir/CapabilityStatement"/>
  <version value="0.1.0"/>
  <name value="ITB"/>
  <title value="ITB capability statement"/>
  <status value="draft"/>
  <experimental value="true"/>
  <date value="2021-06-22"/>
  <contact>
    <name value="System Administrator"/>
    <telecom>
      <system value="email"/>
      <value value="kontakt@servicewell.se"/>
    </telecom>
  </contact>
  <description value="This is the FHIR capability statement for the ITB interface"/>
  <useContext>
    <code>
      <system value="http://terminology.hl7.org/CodeSystem/usage-context-type"/>
      <code value="focus"/>
    </code>
    <valueCodeableConcept>
      <coding>
        <system value="http://terminology.hl7.org/CodeSystem/variant-state"/>
        <code value="positive"/>
      </coding>
    </valueCodeableConcept>
  </useContext>
  <purpose value="ITB capability statement, published for contracting and operational support"/>
  <copyright value="Copyright © Service Well AB"/>
  <kind value="instance"/>
  <instantiates value="http://ihe.org/fhir/CapabilityStatement/pixm-client"/>
  <software>
    <name value="ITB"/>
    <version value="0.0.0"/>
    <releaseDate value="2021-09-01"/>
  </software>
  <implementation>
    <description value="WOF"/>
  </implementation>
  <fhirVersion value="4.0.1"/>
  <format value="json"/>
  <patchFormat value="application/json-patch+json"/>
  <implementationGuide value="https://build.fhir.org/ig/barbrov/wof-portal-fhir-ig/"/>
  <rest>
    <mode value="server"/>
    <documentation value="Main FHIR endpoint for ITB"/>
    <security>
      <cors value="true"/>
      <service>
        <coding>
          <system value="http://terminology.hl7.org/CodeSystem/restful-security-service"/>
          <code value="SMART-on-FHIR"/>
        </coding>
      </service>
      <description value="See Smart on FHIR documentation"/>
    </security>
    <resource>
      <type value="ITBActivityDefinition"/>
      <supportedProfile value="http://portal.wof.purified.link/fhir/StructureDefinition/ITBActivityDefinition"/>
      <documentation value="https://build.fhir.org/ig/servicewell/wof-portal-fhir-ig/StructureDefinition-ITBActivityDefinition.html"/>
      <interaction>
        <code value="read"/>
      </interaction>
      <interaction>
        <code value="vread"/>
      </interaction>
      <interaction>
        <code value="update"/>
      </interaction>
      <interaction>
        <code value="history-instance"/>
      </interaction>
      <interaction>
        <code value="history-type"/>
      </interaction>
      <interaction>
        <code value="create"/>
      </interaction>
      <versioning value="versioned-update"/>
      <readHistory value="true"/>
      <updateCreate value="false"/>
      <conditionalCreate value="true"/>
      <conditionalRead value="full-support"/>
      <conditionalUpdate value="false"/>
      <conditionalDelete value="not-supported"/>
    </resource>
    <resource>
      <type value="ITBAppointment"/>
      <profile value="http://portal.wof.purified.link/fhir/StructureDefinition/ITBAppointment"/>
      <documentation value="URL for Documentation to be added"/>
      <interaction>
        <code value="read"/>
      </interaction>
      <interaction>
        <code value="vread"/>
      </interaction>
      <interaction>
        <code value="update"/>
      </interaction>
      <interaction>
        <code value="history-instance"/>
      </interaction>
      <interaction>
        <code value="history-type"/>
      </interaction>
      <interaction>
        <code value="create"/>
      </interaction>
      <searchParam>
        <name value="actor"/>
        <type value="reference"/>
        <documentation value="Search for example for a HealtCareService referenced as actor."/>
      </searchParam>
      <searchParam>
        <name value="patient"/>
        <type value="reference"/>
        <documentation value="Search for patient referenced by the Appointment."/>
      </searchParam>
    </resource>
    <resource>
      <type value="ITBAppointmentResponse"/>
      <profile value="http://portal.wof.purified.link/fhir/StructureDefinition/ITBAppointmentResponse"/>
      <documentation value="URL for Documentation to be added"/>
      <interaction>
        <code value="create"/>
      </interaction>
    </resource>
    <resource>
      <type value="ITBEndPoint"/>
      <profile value="http://portal.wof.purified.link/fhir/StructureDefinition/ITBEndpoint"/>
      <documentation value="URL for Documentation to be added"/>
      <interaction>
        <code value="read"/>
      </interaction>
      <interaction>
        <code value="vread"/>
      </interaction>
    </resource>
    <resource>
      <type value="ITBHealthcareService"/>
      <profile value="http://portal.wof.purified.link/fhir/StructureDefinition/ITBHealthcareService"/>
      <documentation value="URL for Documentation to be added"/>
      <interaction>
        <code value="read"/>
      </interaction>
      <interaction>
        <code value="vread"/>
      </interaction>
      <interaction>
        <code value="update"/>
      </interaction>
      <interaction>
        <code value="delete"/>
      </interaction>
      <interaction>
        <code value="history-instance"/>
      </interaction>
      <interaction>
        <code value="history-type"/>
      </interaction>
      <interaction>
        <code value="create"/>
      </interaction>
      <searchParam>
        <name value="endpoint"/>
        <type value="reference"/>
        <documentation value="Endpoint id must be of type guid"/>
      </searchParam>
    </resource>
    <resource>
      <type value="ITBOrganization"/>
      <profile value="http://portal.wof.purified.link/fhir/StructureDefinition/ITBOrganization"/>
      <documentation value="URL for Documentation to be added"/>
      <interaction>
        <code value="read"/>
      </interaction>
      <interaction>
        <code value="vread"/>
      </interaction>
    </resource>
    <resource>
      <type value="ITBPatient"/>
      <profile value="http://portal.wof.purified.link/fhir/StructureDefinition/ITBPatient"/>
      <documentation value="URL for Documentation to be added"/>
      <interaction>
        <code value="read"/>
      </interaction>
      <interaction>
        <code value="vread"/>
      </interaction>
    </resource>
    <resource>
      <type value="ITBPractitioner"/>
      <profile value="http://portal.wof.purified.link/fhir/StructureDefinition/ITBPractitioner"/>
      <documentation value="URL for Documentation to be added"/>
      <interaction>
        <code value="read"/>
      </interaction>
      <interaction>
        <code value="vread"/>
      </interaction>
    </resource>
    <resource>
      <type value="ITBSchedule"/>
      <profile value="http://portal.wof.purified.link/fhir/StructureDefinition/ITBSchedule"/>
      <documentation value="https://build.fhir.org/ig/servicewell/wof-portal-fhir-ig/StructureDefinition-ITBSchedule.html"/>
      <interaction>
        <code value="read"/>
      </interaction>
      <interaction>
        <code value="vread"/>
      </interaction>
      <interaction>
        <code value="read"/>
      </interaction>
      <interaction>
        <code value="vread"/>
      </interaction>
      <searchParam>
        <name value="service"/>
        <type value="reference"/>
        <documentation value="Search for a referenced HealthCareService"/>
      </searchParam>
      <searchParam>
        <name value="actor"/>
        <type value="reference"/>
        <documentation value="Search for example for a HealtCareService or PractitionerRole referenced in actor."/>
      </searchParam>
      <searchParam>
        <name value="service-type"/>
        <type value="token"/>
        <documentation value="Search for Schedules with specified service-type"/>
      </searchParam>
      <searchParam>
        <name value="_sort"/>
        <type value="string"/>
        <documentation value="Specify search order for results"/>
      </searchParam>
    </resource>
    <resource>
      <type value="ITBSlot"/>
      <profile value="http://portal.wof.purified.link/fhir/StructureDefinition/ITBSlot"/>
      <documentation value="https://build.fhir.org/ig/servicewell/wof-portal-fhir-ig/StructureDefinition-ITBSlot.html"/>
      <interaction>
        <code value="read"/>
      </interaction>
      <interaction>
        <code value="vread"/>
      </interaction>
      <searchParam>
        <name value="schedule"/>
        <type value="reference"/>
        <documentation value="Search for Slots with reference to specified Schedule."/>
      </searchParam>
      <searchParam>
        <name value="service-type"/>
        <type value="token"/>
        <documentation value="Search for Slots with specified service-type"/>
      </searchParam>
      <searchParam>
        <name value="start"/>
        <type value="date"/>
        <documentation value="Specify search order for results"/>
      </searchParam>
    </resource>
  </rest>
</CapabilityStatement>