{
  "codeSystems" : [
    {
      "url" : "http://portal.wof.purified.link/fhir/CodeSystem/csOpusIdentifier",
      "version" : "0.1.0",
      "status" : "draft",
      "name" : "OpusIdentifier",
      "title" : "Opus Identifiers",
      "description" : "Opus Identifiers"
    },
    {
      "url" : "http://portal.wof.purified.link/fhir/CodeSystem/csServiceType",
      "version" : "0.1.0",
      "status" : "draft",
      "name" : "ITBServiceType",
      "title" : "ITB Service Types",
      "description" : "ITB Service Types"
    },
    {
      "url" : "http://portal.wof.purified.link/fhir/CodeSystem/itb-booking-categories",
      "version" : "0.1.0",
      "status" : "draft",
      "name" : "ITBBookingCategories",
      "title" : "ITB Booking Categories",
      "description" : "ITB Booking Categories"
    },
    {
      "url" : "http://portal.wof.purified.link/fhir/CodeSystem/practitioner-role-code",
      "version" : "0.1.0",
      "status" : "draft",
      "name" : "PractitionerRoleCode",
      "title" : "ITB Practitioner Role Codes",
      "description" : "ITB Practitioner Role Codes"
    }
  ]
}
