{
  "resourceType" : "CodeSystem",
  "id" : "practitioner-role-code",
  "text" : {
    "status" : "generated",
    "div" : "<div xmlns=\"http://www.w3.org/1999/xhtml\"><p class=\"res-header-id\"><b>Generated Narrative: CodeSystem practitioner-role-code</b></p><a name=\"practitioner-role-code\"> </a><a name=\"hcpractitioner-role-code\"> </a><p>This  code system <code>http://portal.wof.purified.link/fhir/CodeSystem/practitioner-role-code</code> defines the following codes:</p><table class=\"codes\"><tr><td style=\"white-space:nowrap\"><b>Code</b></td></tr></table></div>"
  },
  "url" : "http://portal.wof.purified.link/fhir/CodeSystem/practitioner-role-code",
  "version" : "0.1.0",
  "name" : "PractitionerRoleCode",
  "title" : "ITB Practitioner Role Codes",
  "status" : "draft",
  "date" : "2025-08-20T14:32:02+02:00",
  "description" : "ITB Practitioner Role Codes",
  "content" : "complete"
}