{
  "codeSystems" : [
    {
      "url" : "http://portal.wof.purified.link/fhir/CodeSystem/csServiceType",
      "version" : "0.1.0",
      "status" : "draft",
      "name" : "ITBServiceType",
      "title" : "ITB Service Types",
      "description" : "ITB Service Types",
      "uses" : {
      },
      "ValueSet-service-type.html" : "ITB Service Types"
    },
    {
      "url" : "http://snomed.info/sct",
      "version" : null,
      "status" : "active",
      "name" : "SNOMED_CT",
      "title" : "SNOMED CT (all versions)",
      "description" : "SNOMED CT is the most comprehensive and precise clinical health terminology product in the world, owned and distributed around the world by The International Health Terminology Standards Development Organisation (IHTSDO).",
      "oids" : ["2.16.840.1.113883.6.96"],
      "uses" : {
      },
      "ValueSet-speciality-codes.html" : "ITB Speciality Codes",
      "ValueSet-role-codes.html" : "ITB Role Codes"
    }
  ]
}
