<?xml version="1.0" encoding="UTF-8"?>

<CodeSystem xmlns="http://hl7.org/fhir">
  <id value="csOpusIdentifier"/>
  <text>
    <status value="generated"/><div xmlns="http://www.w3.org/1999/xhtml"><p class="res-header-id"><b>Generated Narrative: CodeSystem csOpusIdentifier</b></p><a name="csOpusIdentifier"> </a><a name="hccsOpusIdentifier"> </a><p>This  code system <code>http://portal.wof.purified.link/fhir/CodeSystem/csOpusIdentifier</code> defines the following code:</p><table class="codes"><tr><td style="white-space:nowrap"><b>Code</b></td><td><b>Display</b></td></tr><tr><td style="white-space:nowrap">1<a name="csOpusIdentifier-1"> </a></td><td>patientId</td></tr></table></div>
  </text>
  <url value="http://portal.wof.purified.link/fhir/CodeSystem/csOpusIdentifier"/>
  <version value="0.1.0"/>
  <name value="OpusIdentifier"/>
  <title value="Opus Identifiers"/>
  <status value="draft"/>
  <date value="2025-08-20T14:32:02+02:00"/>
  <description value="Opus Identifiers"/>
  <content value="complete"/>
  <count value="1"/>
  <concept>
    <code value="1"/>
    <display value="patientId"/>
  </concept>
</CodeSystem>