URL,Version,Status,OIDs,Name,Title,Description,Used
http://portal.wof.purified.link/fhir/CodeSystem/csOpusIdentifier,0.1.0,draft,,OpusIdentifier,Opus Identifiers,"Opus Identifiers",
http://portal.wof.purified.link/fhir/CodeSystem/csServiceType,0.1.0,draft,,ITBServiceType,ITB Service Types,"ITB Service Types",
http://portal.wof.purified.link/fhir/CodeSystem/itb-booking-categories,0.1.0,draft,,ITBBookingCategories,ITB Booking Categories,"ITB Booking Categories",
http://portal.wof.purified.link/fhir/CodeSystem/practitioner-role-code,0.1.0,draft,,PractitionerRoleCode,ITB Practitioner Role Codes,"ITB Practitioner Role Codes",
