<?xml version="1.0" encoding="UTF-8"?>

<CodeSystem xmlns="http://hl7.org/fhir">
  <id value="practitioner-role-code"/>
  <text>
    <status value="generated"/><div xmlns="http://www.w3.org/1999/xhtml"><p class="res-header-id"><b>Generated Narrative: CodeSystem practitioner-role-code</b></p><a name="practitioner-role-code"> </a><a name="hcpractitioner-role-code"> </a><p>This  code system <code>http://portal.wof.purified.link/fhir/CodeSystem/practitioner-role-code</code> defines the following codes:</p><table class="codes"><tr><td style="white-space:nowrap"><b>Code</b></td></tr></table></div>
  </text>
  <url value="http://portal.wof.purified.link/fhir/CodeSystem/practitioner-role-code"/>
  <version value="0.1.0"/>
  <name value="PractitionerRoleCode"/>
  <title value="ITB Practitioner Role Codes"/>
  <status value="draft"/>
  <date value="2025-08-20T14:32:02+02:00"/>
  <description value="ITB Practitioner Role Codes"/>
  <content value="complete"/>
</CodeSystem>