{
  "resourceType" : "Bundle",
  "id" : "be6f1414-fddb-42f3-a8a9-a0c3b46b8707",
  "meta" : {
    "lastUpdated" : "2025-08-20T14:33:32.792+02:00"
  },
  "type" : "collection",
  "entry" : [{
    "fullUrl" : "http://portal.wof.purified.link/fhir/ValueSet/role-codes",
    "resource" : {
      "resourceType" : "ValueSet",
      "text" : {
        "status" : "generated",
        "div" : "<div xmlns=\"http://www.w3.org/1999/xhtml\"><p class=\"res-header-id\"/><p style=\"border: black 1px dotted; background-color: #EEEEEE; padding: 8px; margin-bottom: 8px\">Expansion from tx.fhir.org based on SNOMED CT International edition 01-Feb 2025</p><p>This value set contains 2 concepts</p><table class=\"codes\"><tr><td style=\"white-space:nowrap\"><b>Code</b></td><td><b>System</b></td><td><b>Display</b></td></tr><tr><td style=\"white-space:nowrap\"><a name=\"x-http://snomed.info/sct-106289002\"> </a>\u00a0\u00a0<a href=\"http://snomed.info/id/106289002\">106289002</a></td><td>http://snomed.info/sct</td><td>Dentist</td></tr><tr><td style=\"white-space:nowrap\"><a name=\"x-http://snomed.info/sct-26042002\"> </a>\u00a0\u00a0<a href=\"http://snomed.info/id/26042002\">26042002</a></td><td>http://snomed.info/sct</td><td>Dental hygienist</td></tr></table></div>"
      },
      "url" : "http://portal.wof.purified.link/fhir/ValueSet/role-codes",
      "version" : "0.1.0",
      "name" : "ITBRoleCodes",
      "title" : "ITB Role Codes",
      "status" : "draft",
      "date" : "2025-08-20T14:32:02+02:00",
      "expansion" : {
        "identifier" : "urn:uuid:a48af7a2-3f1a-4822-83da-cf3b34ec5935",
        "timestamp" : "2025-08-20T14:35:34+02:00",
        "total" : 2,
        "offset" : 0,
        "parameter" : [{
          "name" : "count",
          "valueInteger" : 1000
        },
        {
          "name" : "offset",
          "valueInteger" : 0
        },
        {
          "name" : "excludeNested",
          "valueBoolean" : false
        },
        {
          "name" : "used-valueset",
          "valueUri" : "null"
        },
        {
          "name" : "used-codesystem",
          "valueUri" : "http://snomed.info/sct|http://snomed.info/sct/900000000000207008/version/20250201"
        },
        {
          "name" : "version",
          "valueUri" : "http://snomed.info/sct|http://snomed.info/sct/900000000000207008/version/20250201"
        }],
        "contains" : [{
          "system" : "http://snomed.info/sct",
          "code" : "106289002",
          "display" : "Dentist"
        },
        {
          "system" : "http://snomed.info/sct",
          "code" : "26042002",
          "display" : "Dental hygienist"
        }]
      }
    }
  },
  {
    "fullUrl" : "http://portal.wof.purified.link/fhir/ValueSet/service-type",
    "resource" : {
      "resourceType" : "ValueSet",
      "text" : {
        "status" : "generated",
        "div" : "<div xmlns=\"http://www.w3.org/1999/xhtml\"><p class=\"res-header-id\"/><p style=\"border: black 1px dotted; background-color: #EEEEEE; padding: 8px; margin-bottom: 8px\">Expansion performed internally based on <a href=\"CodeSystem-csServiceType.html\">codesystem ITB Service Types v0.1.0 (CodeSystem)</a></p><p>This value set contains 5 concepts</p><table class=\"codes\"><tr><td style=\"white-space:nowrap\"><b>Code</b></td><td><b>System</b></td><td><b>Display</b></td></tr><tr><td style=\"white-space:nowrap\"><a name=\"x-http://portal.wof.purified.link/fhir/CodeSystem/csServiceType-1\"> </a>\u00a0\u00a0<a href=\"CodeSystem-csServiceType.html#csServiceType-1\">1</a></td><td>http://portal.wof.purified.link/fhir/CodeSystem/csServiceType</td><td>Profylax</td></tr><tr><td style=\"white-space:nowrap\"><a name=\"x-http://portal.wof.purified.link/fhir/CodeSystem/csServiceType-2\"> </a>\u00a0\u00a0<a href=\"CodeSystem-csServiceType.html#csServiceType-2\">2</a></td><td>http://portal.wof.purified.link/fhir/CodeSystem/csServiceType</td><td>Undersökning</td></tr><tr><td style=\"white-space:nowrap\"><a name=\"x-http://portal.wof.purified.link/fhir/CodeSystem/csServiceType-3\"> </a>\u00a0\u00a0<a href=\"CodeSystem-csServiceType.html#csServiceType-3\">3</a></td><td>http://portal.wof.purified.link/fhir/CodeSystem/csServiceType</td><td>Akut</td></tr><tr><td style=\"white-space:nowrap\"><a name=\"x-http://portal.wof.purified.link/fhir/CodeSystem/csServiceType-0\"> </a>\u00a0\u00a0<a href=\"CodeSystem-csServiceType.html#csServiceType-0\">0</a></td><td>http://portal.wof.purified.link/fhir/CodeSystem/csServiceType</td><td>Revision ospecificerad behandling</td></tr><tr><td style=\"white-space:nowrap\"><a name=\"x-http://portal.wof.purified.link/fhir/CodeSystem/csServiceType-123\"> </a>\u00a0\u00a0<a href=\"CodeSystem-csServiceType.html#csServiceType-123\">123</a></td><td>http://portal.wof.purified.link/fhir/CodeSystem/csServiceType</td><td>Prima Service</td></tr></table></div>"
      },
      "url" : "http://portal.wof.purified.link/fhir/ValueSet/service-type",
      "version" : "0.1.0",
      "name" : "ITBServiceType",
      "title" : "ITB Service Types",
      "status" : "draft",
      "date" : "2025-08-20T14:32:02+02:00",
      "expansion" : {
        "identifier" : "urn:uuid:ecdd9e2a-b722-48f3-8173-d7a0787e8065",
        "timestamp" : "2025-08-20T14:35:35+02:00",
        "total" : 5,
        "offset" : 0,
        "parameter" : [{
          "name" : "count",
          "valueInteger" : 1000
        },
        {
          "name" : "offset",
          "valueInteger" : 0
        },
        {
          "name" : "excludeNested",
          "valueBoolean" : false
        },
        {
          "name" : "used-codesystem",
          "valueUri" : "http://portal.wof.purified.link/fhir/CodeSystem/csServiceType|0.1.0"
        }],
        "contains" : [{
          "system" : "http://portal.wof.purified.link/fhir/CodeSystem/csServiceType",
          "code" : "1",
          "display" : "Profylax"
        },
        {
          "system" : "http://portal.wof.purified.link/fhir/CodeSystem/csServiceType",
          "code" : "2",
          "display" : "Undersökning"
        },
        {
          "system" : "http://portal.wof.purified.link/fhir/CodeSystem/csServiceType",
          "code" : "3",
          "display" : "Akut"
        },
        {
          "system" : "http://portal.wof.purified.link/fhir/CodeSystem/csServiceType",
          "code" : "0",
          "display" : "Revision ospecificerad behandling"
        },
        {
          "system" : "http://portal.wof.purified.link/fhir/CodeSystem/csServiceType",
          "code" : "123",
          "display" : "Prima Service"
        }]
      }
    }
  },
  {
    "fullUrl" : "http://portal.wof.purified.link/fhir/ValueSet/speciality-codes",
    "resource" : {
      "resourceType" : "ValueSet",
      "text" : {
        "status" : "generated",
        "div" : "<div xmlns=\"http://www.w3.org/1999/xhtml\"><p class=\"res-header-id\"/><p style=\"border: black 1px dotted; background-color: #EEEEEE; padding: 8px; margin-bottom: 8px\">Expansion from tx.fhir.org based on SNOMED CT International edition 01-Feb 2025</p><p>This value set contains 2 concepts</p><table class=\"codes\"><tr><td style=\"white-space:nowrap\"><b>Code</b></td><td><b>System</b></td><td><b>Display</b></td></tr><tr><td style=\"white-space:nowrap\"><a name=\"x-http://snomed.info/sct-106289002\"> </a>\u00a0\u00a0<a href=\"http://snomed.info/id/106289002\">106289002</a></td><td>http://snomed.info/sct</td><td>Dentist</td></tr><tr><td style=\"white-space:nowrap\"><a name=\"x-http://snomed.info/sct-26042002\"> </a>\u00a0\u00a0<a href=\"http://snomed.info/id/26042002\">26042002</a></td><td>http://snomed.info/sct</td><td>Dental hygienist</td></tr></table></div>"
      },
      "url" : "http://portal.wof.purified.link/fhir/ValueSet/speciality-codes",
      "version" : "0.1.0",
      "name" : "ITBSpecialityCodes",
      "title" : "ITB Speciality Codes",
      "status" : "draft",
      "date" : "2025-08-20T14:32:02+02:00",
      "expansion" : {
        "identifier" : "urn:uuid:54dbc8e3-4e1e-4d35-be28-9370e609a5a1",
        "timestamp" : "2025-08-20T14:35:35+02:00",
        "total" : 2,
        "offset" : 0,
        "parameter" : [{
          "name" : "count",
          "valueInteger" : 1000
        },
        {
          "name" : "offset",
          "valueInteger" : 0
        },
        {
          "name" : "excludeNested",
          "valueBoolean" : false
        },
        {
          "name" : "used-valueset",
          "valueUri" : "null"
        },
        {
          "name" : "used-codesystem",
          "valueUri" : "http://snomed.info/sct|http://snomed.info/sct/900000000000207008/version/20250201"
        },
        {
          "name" : "version",
          "valueUri" : "http://snomed.info/sct|http://snomed.info/sct/900000000000207008/version/20250201"
        }],
        "contains" : [{
          "system" : "http://snomed.info/sct",
          "code" : "106289002",
          "display" : "Dentist"
        },
        {
          "system" : "http://snomed.info/sct",
          "code" : "26042002",
          "display" : "Dental hygienist"
        }]
      }
    }
  }]
}