<?xml version="1.0" encoding="UTF-8"?>

<Bundle xmlns="http://hl7.org/fhir">
  <id value="be6f1414-fddb-42f3-a8a9-a0c3b46b8707"/>
  <meta>
    <lastUpdated value="2025-08-20T14:33:32.792+02:00"/>
  </meta>
  <type value="collection"/>
  <entry>
    <fullUrl value="http://portal.wof.purified.link/fhir/ValueSet/role-codes"/>
    <resource>
      <ValueSet>
        <text>
          <status value="generated"/>
          <div xmlns="http://www.w3.org/1999/xhtml">
            <p class="res-header-id"/>
            <p style="border: black 1px dotted; background-color: #EEEEEE; padding: 8px; margin-bottom: 8px">Expansion from tx.fhir.org based on SNOMED CT International edition 01-Feb 2025</p>
            <p>This value set contains 2 concepts</p>
            <table class="codes">
              <tr>
                <td style="white-space:nowrap">
                  <b>Code</b>
                </td>
                <td>
                  <b>System</b>
                </td>
                <td>
                  <b>Display</b>
                </td>
              </tr>
              <tr>
                <td style="white-space:nowrap">
                  <a name="x-http://snomed.info/sct-106289002"> </a>  
                  <a href="http://snomed.info/id/106289002">106289002</a>
                </td>
                <td>http://snomed.info/sct</td>
                <td>Dentist</td>
              </tr>
              <tr>
                <td style="white-space:nowrap">
                  <a name="x-http://snomed.info/sct-26042002"> </a>  
                  <a href="http://snomed.info/id/26042002">26042002</a>
                </td>
                <td>http://snomed.info/sct</td>
                <td>Dental hygienist</td>
              </tr>
            </table>
          </div>
        </text>
        <url value="http://portal.wof.purified.link/fhir/ValueSet/role-codes"/>
        <version value="0.1.0"/>
        <name value="ITBRoleCodes"/>
        <title value="ITB Role Codes"/>
        <status value="draft"/>
        <date value="2025-08-20T14:32:02+02:00"/>
        <expansion>
          <identifier value="urn:uuid:a48af7a2-3f1a-4822-83da-cf3b34ec5935"/>
          <timestamp value="2025-08-20T14:35:34+02:00"/>
          <total value="2"/>
          <offset value="0"/>
          <parameter>
            <name value="count"/>
            <valueInteger value="1000"/>
          </parameter>
          <parameter>
            <name value="offset"/>
            <valueInteger value="0"/>
          </parameter>
          <parameter>
            <name value="excludeNested"/>
            <valueBoolean value="false"/>
          </parameter>
          <parameter>
            <name value="used-valueset"/>
            <valueUri value="null"/>
          </parameter>
          <parameter>
            <name value="used-codesystem"/>
            <valueUri value="http://snomed.info/sct|http://snomed.info/sct/900000000000207008/version/20250201"/>
          </parameter>
          <parameter>
            <name value="version"/>
            <valueUri value="http://snomed.info/sct|http://snomed.info/sct/900000000000207008/version/20250201"/>
          </parameter>
          <contains>
            <system value="http://snomed.info/sct"/>
            <code value="106289002"/>
            <display value="Dentist"/>
          </contains>
          <contains>
            <system value="http://snomed.info/sct"/>
            <code value="26042002"/>
            <display value="Dental hygienist"/>
          </contains>
        </expansion>
      </ValueSet>
    </resource>
  </entry>
  <entry>
    <fullUrl value="http://portal.wof.purified.link/fhir/ValueSet/service-type"/>
    <resource>
      <ValueSet>
        <text>
          <status value="generated"/>
          <div xmlns="http://www.w3.org/1999/xhtml">
            <p class="res-header-id"/>
            <p style="border: black 1px dotted; background-color: #EEEEEE; padding: 8px; margin-bottom: 8px">Expansion performed internally based on 
              <a href="CodeSystem-csServiceType.html">codesystem ITB Service Types v0.1.0 (CodeSystem)</a>
            </p>
            <p>This value set contains 5 concepts</p>
            <table class="codes">
              <tr>
                <td style="white-space:nowrap">
                  <b>Code</b>
                </td>
                <td>
                  <b>System</b>
                </td>
                <td>
                  <b>Display</b>
                </td>
              </tr>
              <tr>
                <td style="white-space:nowrap">
                  <a name="x-http://portal.wof.purified.link/fhir/CodeSystem/csServiceType-1"> </a>  
                  <a href="CodeSystem-csServiceType.html#csServiceType-1">1</a>
                </td>
                <td>http://portal.wof.purified.link/fhir/CodeSystem/csServiceType</td>
                <td>Profylax</td>
              </tr>
              <tr>
                <td style="white-space:nowrap">
                  <a name="x-http://portal.wof.purified.link/fhir/CodeSystem/csServiceType-2"> </a>  
                  <a href="CodeSystem-csServiceType.html#csServiceType-2">2</a>
                </td>
                <td>http://portal.wof.purified.link/fhir/CodeSystem/csServiceType</td>
                <td>Undersökning</td>
              </tr>
              <tr>
                <td style="white-space:nowrap">
                  <a name="x-http://portal.wof.purified.link/fhir/CodeSystem/csServiceType-3"> </a>  
                  <a href="CodeSystem-csServiceType.html#csServiceType-3">3</a>
                </td>
                <td>http://portal.wof.purified.link/fhir/CodeSystem/csServiceType</td>
                <td>Akut</td>
              </tr>
              <tr>
                <td style="white-space:nowrap">
                  <a name="x-http://portal.wof.purified.link/fhir/CodeSystem/csServiceType-0"> </a>  
                  <a href="CodeSystem-csServiceType.html#csServiceType-0">0</a>
                </td>
                <td>http://portal.wof.purified.link/fhir/CodeSystem/csServiceType</td>
                <td>Revision ospecificerad behandling</td>
              </tr>
              <tr>
                <td style="white-space:nowrap">
                  <a name="x-http://portal.wof.purified.link/fhir/CodeSystem/csServiceType-123"> </a>  
                  <a href="CodeSystem-csServiceType.html#csServiceType-123">123</a>
                </td>
                <td>http://portal.wof.purified.link/fhir/CodeSystem/csServiceType</td>
                <td>Prima Service</td>
              </tr>
            </table>
          </div>
        </text>
        <url value="http://portal.wof.purified.link/fhir/ValueSet/service-type"/>
        <version value="0.1.0"/>
        <name value="ITBServiceType"/>
        <title value="ITB Service Types"/>
        <status value="draft"/>
        <date value="2025-08-20T14:32:02+02:00"/>
        <expansion>
          <identifier value="urn:uuid:ecdd9e2a-b722-48f3-8173-d7a0787e8065"/>
          <timestamp value="2025-08-20T14:35:35+02:00"/>
          <total value="5"/>
          <offset value="0"/>
          <parameter>
            <name value="count"/>
            <valueInteger value="1000"/>
          </parameter>
          <parameter>
            <name value="offset"/>
            <valueInteger value="0"/>
          </parameter>
          <parameter>
            <name value="excludeNested"/>
            <valueBoolean value="false"/>
          </parameter>
          <parameter>
            <name value="used-codesystem"/>
            <valueUri value="http://portal.wof.purified.link/fhir/CodeSystem/csServiceType|0.1.0"/>
          </parameter>
          <contains>
            <system value="http://portal.wof.purified.link/fhir/CodeSystem/csServiceType"/>
            <code value="1"/>
            <display value="Profylax"/>
          </contains>
          <contains>
            <system value="http://portal.wof.purified.link/fhir/CodeSystem/csServiceType"/>
            <code value="2"/>
            <display value="Undersökning"/>
          </contains>
          <contains>
            <system value="http://portal.wof.purified.link/fhir/CodeSystem/csServiceType"/>
            <code value="3"/>
            <display value="Akut"/>
          </contains>
          <contains>
            <system value="http://portal.wof.purified.link/fhir/CodeSystem/csServiceType"/>
            <code value="0"/>
            <display value="Revision ospecificerad behandling"/>
          </contains>
          <contains>
            <system value="http://portal.wof.purified.link/fhir/CodeSystem/csServiceType"/>
            <code value="123"/>
            <display value="Prima Service"/>
          </contains>
        </expansion>
      </ValueSet>
    </resource>
  </entry>
  <entry>
    <fullUrl value="http://portal.wof.purified.link/fhir/ValueSet/speciality-codes"/>
    <resource>
      <ValueSet>
        <text>
          <status value="generated"/>
          <div xmlns="http://www.w3.org/1999/xhtml">
            <p class="res-header-id"/>
            <p style="border: black 1px dotted; background-color: #EEEEEE; padding: 8px; margin-bottom: 8px">Expansion from tx.fhir.org based on SNOMED CT International edition 01-Feb 2025</p>
            <p>This value set contains 2 concepts</p>
            <table class="codes">
              <tr>
                <td style="white-space:nowrap">
                  <b>Code</b>
                </td>
                <td>
                  <b>System</b>
                </td>
                <td>
                  <b>Display</b>
                </td>
              </tr>
              <tr>
                <td style="white-space:nowrap">
                  <a name="x-http://snomed.info/sct-106289002"> </a>  
                  <a href="http://snomed.info/id/106289002">106289002</a>
                </td>
                <td>http://snomed.info/sct</td>
                <td>Dentist</td>
              </tr>
              <tr>
                <td style="white-space:nowrap">
                  <a name="x-http://snomed.info/sct-26042002"> </a>  
                  <a href="http://snomed.info/id/26042002">26042002</a>
                </td>
                <td>http://snomed.info/sct</td>
                <td>Dental hygienist</td>
              </tr>
            </table>
          </div>
        </text>
        <url value="http://portal.wof.purified.link/fhir/ValueSet/speciality-codes"/>
        <version value="0.1.0"/>
        <name value="ITBSpecialityCodes"/>
        <title value="ITB Speciality Codes"/>
        <status value="draft"/>
        <date value="2025-08-20T14:32:02+02:00"/>
        <expansion>
          <identifier value="urn:uuid:54dbc8e3-4e1e-4d35-be28-9370e609a5a1"/>
          <timestamp value="2025-08-20T14:35:35+02:00"/>
          <total value="2"/>
          <offset value="0"/>
          <parameter>
            <name value="count"/>
            <valueInteger value="1000"/>
          </parameter>
          <parameter>
            <name value="offset"/>
            <valueInteger value="0"/>
          </parameter>
          <parameter>
            <name value="excludeNested"/>
            <valueBoolean value="false"/>
          </parameter>
          <parameter>
            <name value="used-valueset"/>
            <valueUri value="null"/>
          </parameter>
          <parameter>
            <name value="used-codesystem"/>
            <valueUri value="http://snomed.info/sct|http://snomed.info/sct/900000000000207008/version/20250201"/>
          </parameter>
          <parameter>
            <name value="version"/>
            <valueUri value="http://snomed.info/sct|http://snomed.info/sct/900000000000207008/version/20250201"/>
          </parameter>
          <contains>
            <system value="http://snomed.info/sct"/>
            <code value="106289002"/>
            <display value="Dentist"/>
          </contains>
          <contains>
            <system value="http://snomed.info/sct"/>
            <code value="26042002"/>
            <display value="Dental hygienist"/>
          </contains>
        </expansion>
      </ValueSet>
    </resource>
  </entry>
</Bundle>