<?xml version="1.0" encoding="UTF-8"?>

<HealthcareService xmlns="http://hl7.org/fhir">
  <id value="ITBHealthcareService"/>
  <meta>
    <profile value="http://portal.wof.purified.link/fhir/StructureDefinition/ITBHealthcareService"/>
  </meta>
  <text>
    <status value="extensions"/><div xmlns="http://www.w3.org/1999/xhtml"><p class="res-header-id"><b>Generated Narrative: HealthcareService ITBHealthcareService</b></p><a name="ITBHealthcareService"> </a><a name="hcITBHealthcareService"> </a><div style="display: inline-block; background-color: #d9e0e7; padding: 6px; margin: 4px; border: 1px solid #8da1b4; border-radius: 5px; line-height: 60%"><p style="margin-bottom: 0px"/><p style="margin-bottom: 0px">Profile: <a href="StructureDefinition-ITBHealthcareService.html">ITB HealthcareService</a></p></div><p><b>ITB List Reference Extension</b>: <a href="#hcITBHealthcareService/listId">List for 'Unspecified List Type' for 'Unspecified Subject'</a></p><p><b>ITB Url Placeholder Extension</b>: http://portal.wof</p><blockquote><p><b>link/wof-portal/fhir/StructureDefinition/NotBookableInITB</b></p><ul><li>http://ki.purified.link/wof-portal/fhir/StructureDefinition/IsNotBookableInITB: true</li><li>http://ki.purified.link/wof-portal/fhir/StructureDefinition/ExternalBookingUrl: <a href="https://minside.colosseum.no/bestilltime">https://minside.colosseum.no/bestilltime</a></li><li>http://ki.purified.link/wof-portal/fhir/StructureDefinition/BookingInformation: Här kan man boka</li></ul></blockquote><blockquote><p><b>link/fhir/StructureDefinition/extPractitionerSegments</b></p><ul><li>use: true</li><li>plusDefaultsTo: 3</li></ul></blockquote><p><b>link/fhir/StructureDefinition/extPlanningHorizonInWeeks</b>: 10</p><p><b>link/fhir/StructureDefinition/extAllowReschedulingFromDentalUnit</b>: true</p><p><b>identifier</b>: Colosseum Tannlege Nationaltheatret</p><p><b>active</b>: true</p><p><b>location</b>: <a href="#hcITBHealthcareService/adressId">Location</a></p><p><b>name</b>: colosseum-nationaltheatret</p><p><b>telecom</b>: <a href="mailto:test@testmail.com">test@testmail.com</a></p><p><b>endpoint</b>: <a href="Endpoint/fc580e7c-7fd8-4acd-92e9-42cb052763d4">itbDev-colosseum-opus-nationaltheatret</a></p><hr/><blockquote><p class="res-header-id"><b>Generated Narrative: Location #adressId</b></p><a name="ITBHealthcareService/adressId"> </a><a name="hcITBHealthcareService/adressId"> </a><p><b>address</b>: Stortingsgata 30(work)</p><h3>Positions</h3><table class="grid"><tr><td style="display: none">-</td><td><b>Longitude</b></td><td><b>Latitude</b></td></tr><tr><td style="display: none">*</td><td>10.729501</td><td>59.91475</td></tr></table></blockquote><hr/><blockquote><p class="res-header-id"><b>Generated Narrative: List #listId</b></p><a name="ITBHealthcareService/listId"> </a><a name="hcITBHealthcareService/listId"> </a><table class="clstu"><tr><td>Mode: Working List </td><td>Status: Current </td></tr><tr><td/></tr></table><table class="grid"><tr style="backgound-color: #eeeeee"><td><b>Items</b></td></tr><tr><td><a href="ActivityDefinition/5e54aeb0-339d-49ed-af21-386f6ce0c730">Dårlig Ånde</a></td></tr><tr><td><a href="ActivityDefinition/bcfafc6d-98df-4985-97ea-5ddd75fe858f">Tannlegeskrekk</a></td></tr><tr><td><a href="ActivityDefinition/30491f7e-786e-4f48-a555-982ee5828641">Tannrens</a></td></tr></table></blockquote></div>
  </text>
  <contained>
    <Location>
      <id value="adressId"/>
      <address>
        <use value="work"/>
        <text value="Stortingsgata 30"/>
        <city value="Oslo"/>
      </address>
      <position>
        <longitude value="10.729501"/>
        <latitude value="59.91475"/>
      </position>
    </Location>
  </contained>
  <contained>
    <List>
      <id value="listId"/>
      <status value="current"/>
      <mode value="working"/>
      <entry>
        <extension url="http://portal.wof.purified.link/fhir/StructureDefinition/extPriceDefinition">
          <valueString value="2.000 SEK"/>
        </extension>
        <item>
          <reference value="ActivityDefinition/5e54aeb0-339d-49ed-af21-386f6ce0c730"/>
          <display value="Dårlig Ånde"/>
        </item>
      </entry>
      <entry>
        <extension url="http://portal.wof.purified.link/fhir/StructureDefinition/extPriceDefinition">
          <valueString value="850 NOK"/>
        </extension>
        <item>
          <reference value="ActivityDefinition/bcfafc6d-98df-4985-97ea-5ddd75fe858f"/>
          <display value="Tannlegeskrekk"/>
        </item>
      </entry>
      <entry>
        <extension url="http://portal.wof.purified.link/fhir/StructureDefinition/extPriceDefinition">
          <valueString value="5 dollahs"/>
        </extension>
        <item>
          <reference value="ActivityDefinition/30491f7e-786e-4f48-a555-982ee5828641"/>
          <display value="Tannrens"/>
        </item>
      </entry>
    </List>
  </contained>
  <extension url="http://portal.wof.purified.link/fhir/StructureDefinition/extListReference">
    <valueReference>
      <reference value="#listId"/>
    </valueReference>
  </extension>
  <extension url="http://portal.wof.purified.link/fhir/StructureDefinition/extUrlPlaceholder">
    <valueString value="http://portal.wof"/>
  </extension>
  <extension url="http://ki.purified.link/wof-portal/fhir/StructureDefinition/NotBookableInITB">
    <extension url="http://ki.purified.link/wof-portal/fhir/StructureDefinition/IsNotBookableInITB">
      <valueBoolean value="true"/>
    </extension>
    <extension url="http://ki.purified.link/wof-portal/fhir/StructureDefinition/ExternalBookingUrl">
      <valueUrl value="https://minside.colosseum.no/bestilltime"/>
    </extension>
    <extension url="http://ki.purified.link/wof-portal/fhir/StructureDefinition/BookingInformation">
      <valueString value="Här kan man boka"/>
    </extension>
  </extension>
  <extension url="http://portal.wof.purified.link/fhir/StructureDefinition/extPractitionerSegments">
    <extension url="use">
      <valueBoolean value="true"/>
    </extension>
    <extension url="plusDefaultsTo">
      <valueInteger value="3"/>
    </extension>
  </extension>
  <extension url="http://portal.wof.purified.link/fhir/StructureDefinition/extPlanningHorizonInWeeks">
    <valueInteger value="10"/>
  </extension>
  <extension url="http://portal.wof.purified.link/fhir/StructureDefinition/extAllowReschedulingFromDentalUnit">
    <valueBoolean value="true"/>
  </extension>
  <identifier>
    <value value="Colosseum Tannlege Nationaltheatret"/>
  </identifier>
  <active value="true"/>
  <location>
    <reference value="#adressId"/>
  </location>
  <name value="colosseum-nationaltheatret"/>
  <telecom>
    <system value="email"/>
    <value value="test@testmail.com"/>
    <use value="work"/>
  </telecom>
  <endpoint>
    <reference value="Endpoint/fc580e7c-7fd8-4acd-92e9-42cb052763d4"/>
    <display value="itbDev-colosseum-opus-nationaltheatret"/>
  </endpoint>
</HealthcareService>