<?xml version="1.0" encoding="UTF-8"?>

<Patient xmlns="http://hl7.org/fhir">
  <id value="PatientExample"/>
  <meta>
    <profile value="http://portal.wof.purified.link/fhir/StructureDefinition/ITBPatient"/>
  </meta>
  <text>
    <status value="generated"/><div xmlns="http://www.w3.org/1999/xhtml"><p class="res-header-id"><b>Generated Narrative: Patient PatientExample</b></p><a name="PatientExample"> </a><a name="hcPatientExample"> </a><div style="display: inline-block; background-color: #d9e0e7; padding: 6px; margin: 4px; border: 1px solid #8da1b4; border-radius: 5px; line-height: 60%"><p style="margin-bottom: 0px"/><p style="margin-bottom: 0px">Profile: <a href="StructureDefinition-ITBPatient.html">ITB Patient</a></p></div><p style="border: 1px #661aff solid; background-color: #e6e6ff; padding: 10px;">Johansen Øyvind Petter (no stated gender), DoB: 1984-03-11 ( urn:oid:2.16.578.1.12.4.1.4.1#110384-98330)</p><hr/><table class="grid"><tr><td style="background-color: #f3f5da" title="Other Id (see the one above)">Other Id:</td><td colspan="3">patientId/649</td></tr><tr><td style="background-color: #f3f5da" title="Ways to contact the Patient">Contact Detail</td><td colspan="3"><ul><li><a href="mailto:test@fhir.link">test@fhir.link</a></li><li>ph: 0708664086(Mobile)</li></ul></td></tr></table></div>
  </text>
  <identifier>
    <system value="urn:oid:2.16.578.1.12.4.1.4.1"/>
    <value value="110384-98330"/>
  </identifier>
  <identifier>
    <type>
      <coding>
        <system value="http://opusdental.purified.link/fhir/CodeSystem/csOpusIdentifier"/>
        <code value="patientId"/>
      </coding>
    </type>
    <system value="itbDev-colosseum-opus-nationaltheatret/fhir/NamingSystem/nspatientId"/>
    <value value="649"/>
  </identifier>
  <name>
    <text value="Johansen Øyvind Petter"/>
    <family value="Johansen"/>
    <given value="Øyvind Petter"/>
  </name>
  <telecom>
    <system value="email"/>
    <value value="test@fhir.link"/>
    <use value="home"/>
  </telecom>
  <telecom>
    <system value="phone"/>
    <value value="0708664086"/>
    <use value="mobile"/>
  </telecom>
  <birthDate value="1984-03-11"/>
</Patient>