{
  "resourceType" : "Slot",
  "id" : "ITBSlot",
  "meta" : {
    "profile" : ["http://portal.wof.purified.link/fhir/StructureDefinition/ITBSlot"]
  },
  "text" : {
    "status" : "generated",
    "div" : "<div xmlns=\"http://www.w3.org/1999/xhtml\"><p class=\"res-header-id\"><b>Generated Narrative: Slot ITBSlot</b></p><a name=\"ITBSlot\"> </a><a name=\"hcITBSlot\"> </a><div style=\"display: inline-block; background-color: #d9e0e7; padding: 6px; margin: 4px; border: 1px solid #8da1b4; border-radius: 5px; line-height: 60%\"><p style=\"margin-bottom: 0px\"/><p style=\"margin-bottom: 0px\">Profile: <a href=\"StructureDefinition-ITBSlot.html\">ITB Slot</a></p></div><p><b>schedule</b>: <a href=\"Schedule/d35df5c2-3929-4c57-88df-7b031f401e03\">Schedule</a></p><p><b>status</b>: Free</p><p><b>start</b>: 2021-04-15 14:30:00+0000</p><p><b>end</b>: 2021-04-15 15:00:00+0000</p></div>"
  },
  "schedule" : {
    "reference" : "Schedule/d35df5c2-3929-4c57-88df-7b031f401e03",
    "display" : "Schedule"
  },
  "status" : "free",
  "start" : "2021-04-15T14:30:00+00:00",
  "end" : "2021-04-15T15:00:00+00:00"
}