{
  "resourceType": "ValueSet",
  "id": "role-codes",
  "text": {
    "status": "generated",
    "div": "<div xmlns=\"http://www.w3.org/1999/xhtml\"><ul><li>Include these codes as defined in <a href=\"http://www.snomed.org/\"><code>http://snomed.info/sct</code></a><table class=\"none\"><tr><td style=\"white-space:nowrap\"><b>Code</b></td><td><b>Display</b></td></tr><tr><td><a href=\"http://browser.ihtsdotools.org/?perspective=full&amp;conceptId1=106289002\">106289002</a></td><td>tandläkare</td></tr><tr><td><a href=\"http://browser.ihtsdotools.org/?perspective=full&amp;conceptId1=26042002\">26042002</a></td><td>tandhygienist</td></tr></table></li></ul></div>"
  },
  "url": "http://portal.wof.purified.link/fhir/ValueSet/role-codes",
  "version": "0.1.0",
  "name": "ITBRoleCodes",
  "title": "ITB Role Codes",
  "status": "active",
  "date": "2021-04-23T13:44:18+02:00",
  "description": "This value set defines role codes",
  "compose": {
    "include": [
      {
        "system": "http://snomed.info/sct",
        "concept": [
          {
            "code": "106289002",
            "display": "tandläkare"
          },
          {
            "code": "26042002",
            "display": "tandhygienist"
          }
        ]
      }
    ]
  }
}