<?xml version="1.0" encoding="UTF-8"?>

<CapabilityStatement xmlns="http://hl7.org/fhir">
  <id value="ITBCapabilityStatement"/>
  <text>
    <status value="extensions"/><div xmlns="http://www.w3.org/1999/xhtml"><h2>ITB</h2><div><p>This is the FHIR capability statement for the ITB interface</p>
</div><table><tr><td>Mode</td><td>SERVER</td></tr><tr><td>Description</td><td><div><p>Main FHIR endpoint for ITB</p>
</div></td></tr><tr><td>Transaction</td><td></td></tr><tr><td>System History</td><td></td></tr><tr><td>System Search</td><td></td></tr></table><table><tr><th><b>Resource Type</b></th><th><b>Profile</b></th><th><b title="GET a resource (read interaction)">Read</b></th><th><b title="GET past versions of resources (vread interaction)">V-Read</b></th><th><b title="GET all set of resources of the type (search interaction)">Search</b></th><th><b title="PUT a new resource version (update interaction)">Update</b></th><th><b title="POST a new resource (create interaction)">Create</b></th><th><b title="DELETE a resource (delete interaction)">Delete</b></th><th><b title="GET changes to a resource (history interaction on instance)">Updates</b></th><th><b title="GET changes for all resources of the type (history interaction on type)">History</b></th></tr><tr><td>ITBActivityDefinition</td><td>y</td><td>y</td><td></td><td>y</td><td>y</td><td></td><td>y</td><td>y</td></tr><tr><td>ITBAppointment</td><td><a href="http://portal.wof.purified.link/fhir/StructureDefinition/ITBAppointment">http://portal.wof.purified.link/fhir/StructureDefinition/ITBAppointment</a></td><td>y</td><td>y</td><td></td><td>y</td><td>y</td><td></td><td>y</td><td>y</td></tr><tr><td>ITBAppointmentResponse</td><td><a href="http://portal.wof.purified.link/fhir/StructureDefinition/ITBAppointmentResponse">http://portal.wof.purified.link/fhir/StructureDefinition/ITBAppointmentResponse</a></td><td></td><td></td><td></td><td></td><td>y</td><td></td><td></td><td></td></tr><tr><td>ITBEndPoint</td><td><a href="http://portal.wof.purified.link/fhir/StructureDefinition/ITBEndpoint">http://portal.wof.purified.link/fhir/StructureDefinition/ITBEndpoint</a></td><td>y</td><td>y</td><td></td><td></td><td></td><td></td><td></td><td></td></tr><tr><td>ITBHealthcareService</td><td><a href="http://portal.wof.purified.link/fhir/StructureDefinition/ITBHealthcareService">http://portal.wof.purified.link/fhir/StructureDefinition/ITBHealthcareService</a></td><td>y</td><td>y</td><td></td><td>y</td><td>y</td><td>y</td><td>y</td><td>y</td></tr><tr><td>ITBOrganization</td><td><a href="http://portal.wof.purified.link/fhir/StructureDefinition/ITBOrganization">http://portal.wof.purified.link/fhir/StructureDefinition/ITBOrganization</a></td><td>y</td><td>y</td><td></td><td></td><td></td><td></td><td></td><td></td></tr><tr><td>ITBPatient</td><td><a href="http://portal.wof.purified.link/fhir/StructureDefinition/ITBPatient">http://portal.wof.purified.link/fhir/StructureDefinition/ITBPatient</a></td><td>y</td><td>y</td><td></td><td></td><td></td><td></td><td></td><td></td></tr><tr><td>ITBPractitioner</td><td><a href="http://portal.wof.purified.link/fhir/StructureDefinition/ITBPractitioner">http://portal.wof.purified.link/fhir/StructureDefinition/ITBPractitioner</a></td><td>y</td><td>y</td><td></td><td></td><td></td><td></td><td></td><td></td></tr><tr><td>ITBSchedule</td><td><a href="http://portal.wof.purified.link/fhir/StructureDefinition/ITBSchedule">http://portal.wof.purified.link/fhir/StructureDefinition/ITBSchedule</a></td><td>y</td><td>y</td><td></td><td></td><td></td><td></td><td></td><td></td></tr><tr><td>ITBSlot</td><td><a href="http://portal.wof.purified.link/fhir/StructureDefinition/ITBSlot">http://portal.wof.purified.link/fhir/StructureDefinition/ITBSlot</a></td><td>y</td><td>y</td><td></td><td></td><td></td><td></td><td></td><td></td></tr></table></div>
  </text>
  <url value="http://portal.wof.purified.link/fhir/CapabilityStatement"/>
  <version value="0.1.0"/>
  <name value="ITB"/>
  <title value="ITB capability statement"/>
  <status value="draft"/>
  <experimental value="true"/>
  <date value="2021-06-22"/>
  <publisher value="Service Well"/>
  <contact>
    <name value="System Administrator"/>
    <telecom>
      <system value="email"/>
      <value value="kontakt@servicewell.se"/>
    </telecom>
  </contact>
  <description value="This is the FHIR capability statement for the ITB interface"/>
  <useContext>
    <code>
      <system value="http://terminology.hl7.org/CodeSystem/usage-context-type"/>
      <code value="focus"/>
    </code>
    <valueCodeableConcept>
      <coding>
        <system value="http://terminology.hl7.org/CodeSystem/variant-state"/>
        <code value="positive"/>
      </coding>
    </valueCodeableConcept>
  </useContext>
  <purpose value="ITB capability statement, published for contracting and operational support"/>
  <copyright value="Copyright &#xA9; Service Well AB"/>
  <kind value="instance"/>
  <instantiates value="http://ihe.org/fhir/CapabilityStatement/pixm-client"/>
  <software>
    <name value="ITB"/>
    <version value="0.0.0"/>
    <releaseDate value="2021-09-01"/>
  </software>
  <implementation>
    <description value="WOF"/>
  </implementation>
  <fhirVersion value="4.0.1"/>
  <format value="json"/>
  <patchFormat value="application/json-patch+json"/>
  <implementationGuide value="https://build.fhir.org/ig/barbrov/wof-portal-fhir-ig/"/>
  <rest>
    <mode value="server"/>
    <documentation value="Main FHIR endpoint for ITB"/>
    <security>
      <cors value="true"/>
      <service>
        <coding>
          <system value="http://terminology.hl7.org/CodeSystem/restful-security-service"/>
          <code value="SMART-on-FHIR"/>
        </coding>
      </service>
      <description value="See Smart on FHIR documentation"/>
    </security>
    <resource>
      <type value="ITBActivityDefinition"/>
      <supportedProfile value="http://portal.wof.purified.link/fhir/StructureDefinition/ITBActivityDefinition"/>
      <documentation value="https://build.fhir.org/ig/servicewell/wof-portal-fhir-ig/StructureDefinition-ITBActivityDefinition.html"/>
      <interaction>
        <code value="read"/>
      </interaction>
      <interaction>
        <code value="vread"/>
      </interaction>
      <interaction>
        <code value="update"/>
      </interaction>
      <interaction>
        <code value="history-instance"/>
      </interaction>
      <interaction>
        <code value="history-type"/>
      </interaction>
      <interaction>
        <code value="create"/>
      </interaction>
      <versioning value="versioned-update"/>
      <readHistory value="true"/>
      <updateCreate value="false"/>
      <conditionalCreate value="true"/>
      <conditionalRead value="full-support"/>
      <conditionalUpdate value="false"/>
      <conditionalDelete value="not-supported"/>
    </resource>
    <resource>
      <type value="ITBAppointment"/>
      <profile value="http://portal.wof.purified.link/fhir/StructureDefinition/ITBAppointment"/>
      <documentation value="URL for Documentation to be added"/>
      <interaction>
        <code value="read"/>
      </interaction>
      <interaction>
        <code value="vread"/>
      </interaction>
      <interaction>
        <code value="update"/>
      </interaction>
      <interaction>
        <code value="history-instance"/>
      </interaction>
      <interaction>
        <code value="history-type"/>
      </interaction>
      <interaction>
        <code value="create"/>
      </interaction>
      <searchParam>
        <name value="actor"/>
        <type value="reference"/>
        <documentation value="Search for example for a HealtCareService referenced as actor."/>
      </searchParam>
      <searchParam>
        <name value="patient"/>
        <type value="reference"/>
        <documentation value="Search for patient referenced by the Appointment."/>
      </searchParam>
    </resource>
    <resource>
      <type value="ITBAppointmentResponse"/>
      <profile value="http://portal.wof.purified.link/fhir/StructureDefinition/ITBAppointmentResponse"/>
      <documentation value="URL for Documentation to be added"/>
      <interaction>
        <code value="create"/>
      </interaction>
    </resource>
    <resource>
      <type value="ITBEndPoint"/>
      <profile value="http://portal.wof.purified.link/fhir/StructureDefinition/ITBEndpoint"/>
      <documentation value="URL for Documentation to be added"/>
      <interaction>
        <code value="read"/>
      </interaction>
      <interaction>
        <code value="vread"/>
      </interaction>
    </resource>
    <resource>
      <type value="ITBHealthcareService"/>
      <profile value="http://portal.wof.purified.link/fhir/StructureDefinition/ITBHealthcareService"/>
      <documentation value="URL for Documentation to be added"/>
      <interaction>
        <code value="read"/>
      </interaction>
      <interaction>
        <code value="vread"/>
      </interaction>
      <interaction>
        <code value="update"/>
      </interaction>
      <interaction>
        <code value="delete"/>
      </interaction>
      <interaction>
        <code value="history-instance"/>
      </interaction>
      <interaction>
        <code value="history-type"/>
      </interaction>
      <interaction>
        <code value="create"/>
      </interaction>
      <searchParam>
        <name value="endpoint"/>
        <type value="reference"/>
        <documentation value="Endpoint id must be of type guid"/>
      </searchParam>
    </resource>
    <resource>
      <type value="ITBOrganization"/>
      <profile value="http://portal.wof.purified.link/fhir/StructureDefinition/ITBOrganization"/>
      <documentation value="URL for Documentation to be added"/>
      <interaction>
        <code value="read"/>
      </interaction>
      <interaction>
        <code value="vread"/>
      </interaction>
    </resource>
    <resource>
      <type value="ITBPatient"/>
      <profile value="http://portal.wof.purified.link/fhir/StructureDefinition/ITBPatient"/>
      <documentation value="URL for Documentation to be added"/>
      <interaction>
        <code value="read"/>
      </interaction>
      <interaction>
        <code value="vread"/>
      </interaction>
    </resource>
    <resource>
      <type value="ITBPractitioner"/>
      <profile value="http://portal.wof.purified.link/fhir/StructureDefinition/ITBPractitioner"/>
      <documentation value="URL for Documentation to be added"/>
      <interaction>
        <code value="read"/>
      </interaction>
      <interaction>
        <code value="vread"/>
      </interaction>
    </resource>
    <resource>
      <type value="ITBSchedule"/>
      <profile value="http://portal.wof.purified.link/fhir/StructureDefinition/ITBSchedule"/>
      <documentation value="https://build.fhir.org/ig/servicewell/wof-portal-fhir-ig/StructureDefinition-ITBSchedule.html"/>
      <interaction>
        <code value="read"/>
      </interaction>
      <interaction>
        <code value="vread"/>
      </interaction>
      <interaction>
        <code value="read"/>
      </interaction>
      <interaction>
        <code value="vread"/>
      </interaction>
      <searchParam>
        <name value="service"/>
        <type value="reference"/>
        <documentation value="Search for a referenced HealthCareService"/>
      </searchParam>
      <searchParam>
        <name value="actor"/>
        <type value="reference"/>
        <documentation value="Search for example for a HealtCareService or PractitionerRole referenced in actor."/>
      </searchParam>
      <searchParam>
        <name value="service-type"/>
        <type value="token"/>
        <documentation value="Search for Schedules with specified service-type"/>
      </searchParam>
      <searchParam>
        <name value="_sort"/>
        <type value="string"/>
        <documentation value="Specify search order for results"/>
      </searchParam>
    </resource>
    <resource>
      <type value="ITBSlot"/>
      <profile value="http://portal.wof.purified.link/fhir/StructureDefinition/ITBSlot"/>
      <documentation value="https://build.fhir.org/ig/servicewell/wof-portal-fhir-ig/StructureDefinition-ITBSlot.html"/>
      <interaction>
        <code value="read"/>
      </interaction>
      <interaction>
        <code value="vread"/>
      </interaction>
      <searchParam>
        <name value="schedule"/>
        <type value="reference"/>
        <documentation value="Search for Slots with reference to specified Schedule."/>
      </searchParam>
      <searchParam>
        <name value="service-type"/>
        <type value="token"/>
        <documentation value="Search for Slots with specified service-type"/>
      </searchParam>
      <searchParam>
        <name value="start"/>
        <type value="date"/>
        <documentation value="Specify search order for results"/>
      </searchParam>
    </resource>
  </rest>
</CapabilityStatement>