<?xml version="1.0" encoding="UTF-8"?>

<ValueSet xmlns="http://hl7.org/fhir">
  <id value="service-type"/>
  <text>
    <status value="generated"/><div xmlns="http://www.w3.org/1999/xhtml"><ul><li>Include these codes as defined in <a href="CodeSystem-csServiceType.html"><code>http://portal.wof.purified.link/fhir/CodeSystem/csServiceType</code></a><table class="none"><tr><td style="white-space:nowrap"><b>Code</b></td><td><b>Display</b></td></tr><tr><td><a href="CodeSystem-csServiceType.html#csServiceType-1">1</a></td><td>Profylax</td></tr><tr><td><a href="CodeSystem-csServiceType.html#csServiceType-2">2</a></td><td>Undersökning</td></tr><tr><td><a href="CodeSystem-csServiceType.html#csServiceType-3">3</a></td><td>Akut</td></tr><tr><td><a href="CodeSystem-csServiceType.html#csServiceType-0">0</a></td><td>Revision ospecificerad behandling</td></tr><tr><td><a href="CodeSystem-csServiceType.html#csServiceType-123">123</a></td><td>Prima Service</td></tr></table></li></ul></div>
  </text>
  <url value="http://portal.wof.purified.link/fhir/ValueSet/service-type"/>
  <version value="0.1.0"/>
  <name value="ITBServiceType"/>
  <title value="ITB Service Types"/>
  <status value="active"/>
  <date value="2021-09-29T15:21:42+02:00"/>
  <description value="This value set defines service types"/>
  <compose>
    <include>
      <system value="http://portal.wof.purified.link/fhir/CodeSystem/csServiceType"/>
      <concept>
        <code value="1"/>
        <display value="Profylax"/>
      </concept>
      <concept>
        <code value="2"/>
        <display value="Unders&#xF6;kning"/>
      </concept>
      <concept>
        <code value="3"/>
        <display value="Akut"/>
      </concept>
      <concept>
        <code value="0"/>
        <display value="Revision ospecificerad behandling"/>
      </concept>
      <concept>
        <code value="123"/>
        <display value="Prima Service"/>
      </concept>
    </include>
  </compose>
</ValueSet>