{
  "resourceType": "CodeSystem",
  "id": "csServiceType",
  "text": {
    "status": "generated",
    "div": "<div xmlns=\"http://www.w3.org/1999/xhtml\"><p>This code system http://portal.wof.purified.link/fhir/CodeSystem/csServiceType defines the following codes:</p><table class=\"codes\"><tr><td style=\"white-space:nowrap\"><b>Code</b></td><td><b>Display</b></td></tr><tr><td style=\"white-space:nowrap\">1<a name=\"csServiceType-1\"> </a></td><td>Profylax</td></tr><tr><td style=\"white-space:nowrap\">2<a name=\"csServiceType-2\"> </a></td><td>Undersökning</td></tr><tr><td style=\"white-space:nowrap\">3<a name=\"csServiceType-3\"> </a></td><td>Akut</td></tr><tr><td style=\"white-space:nowrap\">0<a name=\"csServiceType-0\"> </a></td><td>Revision ospecificerad behandling</td></tr><tr><td style=\"white-space:nowrap\">123<a name=\"csServiceType-123\"> </a></td><td>TdlUS60</td></tr></table></div>"
  },
  "url": "http://portal.wof.purified.link/fhir/CodeSystem/csServiceType",
  "version": "0.1.0",
  "name": "ITBServiceType",
  "title": "ITB Service Types",
  "status": "active",
  "date": "2021-09-29T15:21:42+02:00",
  "description": "ITB Service Types",
  "content": "complete",
  "count": 5,
  "concept": [
    {
      "code": "1",
      "display": "Profylax"
    },
    {
      "code": "2",
      "display": "Undersökning"
    },
    {
      "code": "3",
      "display": "Akut"
    },
    {
      "code": "0",
      "display": "Revision ospecificerad behandling"
    },
    {
      "code": "123",
      "display": "TdlUS60"
    }
  ]
}